Abbey;4c4f56
Absolute Zero;0048ba
Acadia;1b1404
Acapulco;7cb0a1
Acid Green;B0bf1a
Aero Blue;C9ffe5
Aero;00b9e8
Aero;7cb9e8
Aerospace Orange;Ff4f00
Affair;714693
African Violet;B284be
Air Force Blue;5d8aa8
Air Superiority Blue;72a0c1
Akaroa;D4c4a8
Alabaster;Edeae0
Alabaster;Fafafa
Albescent White;F5e9d3
Algae Green;93dfb8
Alice Blue;F0f8ff
Alizarin Crimson;E32636
Alizarin;Db2d43
Alloy Orange;C46210
Allports;0076a3
Almond Frost;907b71
Almond;Eed9c4
Almond;Efdecd
Alpine;Af8f2c
Alto;Dbdbdb
Aluminium;A9acb6
Amaranth Deep Purple;9f2b68
Amaranth Pink;F19cbb
Amaranth Purple;Ab274f
Amaranth;E52b50
Amazon;3b7a57
Amber;Ffbf00
Americano;87756e
Amethyst Smoke;A397b4
Amethyst;9966cc
Amour;F9eaf3
Amulet;7b9f80
Anakiwa;9de5ff
Android Green;3ddc84
Anti-Flash White;F2f3f4
Antique Brass;C88a65
Antique Bronze;704a07
Antique Brass;Cd9575
Antique Bronze;665d1e
Antique Fuchsia;915c83
Antique Ruby;841b2d
Antique White;Faebd7
Anzac;E0b646
Apache;Dfbe6f
Apple Blossom;Af4d43
Apple Green;E2f3ec
Apple Green;8db600
Apple;4fa83d
Apricot Peach;Fbceb1
Apricot White;Fffeec
Apricot;Eb9373
Apricot;Fbceb1
Aqua Deep;014b43
Aqua Forest;5fa777
Aqua Haze;Edf5f5
Aqua Island;A1dad7
Aqua Spring;Eaf9f5
Aqua Squeeze;E8f5f2
Aqua;00ffff
Aqua;0fffff
Aquamarine Blue;71d9e2
Aquamarine;00ffbf
Aquamarine;7fffd4
Arapawa;110c6c
Arctic Lime;D0ff14
Argentinian Blue;6cb4ee
Armadillo;433e37
Arrowtown;948771
Artichoke Green;4b6f44
Arylide Yellow;E9d66b
Ash Gray;B2beb5
Ash;C6c3b5
Asparagus;7ba05b
Asphalt;130a06
Astra;Faeab9
Astral;327da0
Astronaut Blue;013e62
Astronaut;283a77
Athens Gray;Eef0f3
Aths Special;Ecebce
Atlantis;97cd2d
Atoll;0a6f75
Atomic Tangerine;Ff9966
Au Chico;97605d
Aubergine;3b0910
Aureolin;Fdee00
Australian Mint;F5ffbe
Avocado;568203
Avocado;888d65
Axolotl;4e6649
Azalea;F7c8da
Aztec;0d1c19
Azul;0070bb
Azure (X11/Web Color);F0ffff
Azure (Web);F0ffff
Azure Radiance;007fff
Azure;007fff
Azure;315ba1
B'dazzled Blue;2e5894
Baby Blue;E0ffff
Baby Blue Eyes;A1caf1
Baby Blue;89cff0
Baby Pink;F4c2c2
Baby Powder;Fefefa
Bahama Blue;026395
Bahia;A5cb0c
Baja White;Fff8d1
Baker-Miller Pink;Ff91af
Bali Hai;859faf
Baltic Sea;2a2630
Bamboo;Da6304
Banana Mania;Fae7b5
Banana Mania;Fbe7b2
Bandicoot;858470
Barberry;Ded717
Barbie Pink;Da1884
Barley Corn;A68b5b
Barley White;Fff4ce
Barn Red;7c0902
Barn Red;7c0a02
Barossa;44012d
Bastille;292130
Battleship Gray;828f72
Battleship Gray;848482
Bay Leaf;7da98d
Bay Of Many;273a81
Bazaar;98777b
Bean  ;3d0c02
Beau Blue;Bcd4e6
Beauty Bush;Eec1be
Beaver;926f5b
Beaver;9f8170
Beeswax;Fef2c7
Beige;F5f5dc
Berkeley Blue;003262
Bermuda Gray;6b8ba2
Bermuda;7dd8c6
Beryl Green;Dee5c0
Bianca;Fcfbf3
Bice Blue;2072af
Big Stone;162a40
Big Dip O’Ruby;9c2542
Bilbao;327c14
Biloba Flower;B2a1ea
Birch;373021
Bird Flower;D4cd16
Biscay;1b3162
Bismark;497183
Bison Hide;C1b7a4
Bisque;Ffe4c4
Bistre Brown;967117
Bistre;3d2b1f
Bitter Lemon;Cae00d
Bitter;868974
Bittersweet Shimmer;Bf4f51
Bittersweet;Fe6f5e
Bizarre;Eededa
Black Bean;081910
Black Forest;0b1304
Black Haze;F6f7f7
Black Marlin;3e2c1c
Black Olive;242e16
Black Pearl;041322
Black Rock;0d0332
Black Rose;67032d
Black Russian;0a001c
Black Shadows;Bfafb2
Black Squeeze;F2fafa
Black White;Fffef6
Black Bean;3d0c02
Black Coral;54626f
Black Olive;3b3c36
Black;000000
Blackberry;4d0135
Blackcurrant;32293a
Blanched Almond;Ffebcd
Blast-Off Bronze;A57164
Blaze Orange;Ff6600
Bleach White;Fef3d8
Bleached Cedar;2c2133
Bleu De France;318ce7
Blizzard Blue;A3e3ed
Blizzard Blue;Ace5ee
Blood Red;660000
Blossom;Dcb4bc
Blue (Crayola);1f75fe
Blue (Munsell);0093af
Blue (Ncs);0087bd
Blue (Pantone);0018a8
Blue (Pigment);333399
Blue Bayoux;496679
Blue Bell;9999cc
Blue Chalk;F1e9ff
Blue Charcoal;010d1a
Blue Chill;0c8990
Blue Diamond;380474
Blue Dianne;204852
Blue Gem;2c0e8c
Blue Green;0d98ba
Blue Haze;Bfbed8
Blue Lagoon;017987
Blue Marguerite;7666c6
Blue Ribbon;0066ff
Blue Romance;D2f6de
Blue Smoke;748881
Blue Stone;016162
Blue Violet;6456b7
Blue Violet;8a2be2
Blue Whale;042e4c
Blue Zodiac;13264d
Blue Bell;A2a2d0
Blue Jeans;5dadec
Blue Sapphire;126180
Blue Yonder;5072a7
Blue-Gray (Crayola);6699cc
Blue-Violet;8a2be2
Blue;0000ff
Bluetiful;3c69e7
Blumine;18587a
Blush Pink;Ff6fff
Blush;B44668
Blush;De5d83
Bole;79443b
Bombay;Afb1b8
Bon Jour;E5e0e1
Bondi Blue;0095b6
Bone;E3dac9
Bone;E4d1c0
Bordeaux;5c0120
Bossanova;4e2a5a
Boston Blue;3b91b4
Botticelli;C7dde5
Bottle Green;093624
Boulder;7a7a7a
Bouquet;Ae809e
Bourbon;Ba6f1e
Bracken;4a2a04
Brandeis Blue;0070ff
Brandy Punch;Cd8429
Brandy Rose;Bb8983
Brandy;Dec196
Breaker Bay;5da19f
Brick Red;C62d42
Brick Red;Cb4154
Bridal Heath;Fffaf4
Bridesmaid;Fef0ec
Bright Gray;3c4151
Bright Green;66ff00
Bright Red;B10000
Bright Sun;Fed33c
Bright Turquoise;08e8de
Bright Green;66ff00
Bright Lilac;D891ef
Bright Pink (Crayola);Fb607f
Bright Yellow (Crayola);Ffaa1d
Brilliant Rose;F653a6
Brink Pink;Fb607f
British Racing Green;004225
Bronco;Aba196
Bronze Olive;4e420c
Bronze;3f2109
Bronze;Cd7f32
Bronzetone;4d400f
Broom;Ffec13
Brown Bramble;592804
Brown Derby;492615
Brown Pod;401801
Brown Rust;Af593e
Brown Tumbleweed;37290e
Brown Sugar;Af6e4d
Brown;964b00
Brown;993300
Brunswick Green;1b4d3e
Bubbles;E7feff
Buccaneer;622f30
Bud Green;7bb661
Bud;A8ae9c
Buddha Gold;C1a004
Buff;Daa06d
Buff;E0ab76
Buff;F0dc82
Buff;Ffc680
Bulgarian Rose;480607
Bull Shot;864d1e
Bunker;0d1117
Bunting;151f4c
Burgundy;800020
Burgundy;900020
Burlywood;Deb887
Burnham;002e20
Burning Orange;Ff7034
Burning Sand;D99376
Burnished Brown;A17a74
Burnt Maroon;420303
Burnt Orange;Cc5500
Burnt Sienna;E97451
Burnt Umber;8a3324
Burnt Orange;Bf5700
Burnt Orange;Cc5500
Burnt Sienna;E97451
Burnt Umber;8a3324
Bush;0d2e1c
Buttercup;F3ad16
Buttered Rum;A1750d
Butterfly Bush;624e9a
Buttermilk;Fff1b5
Butterscotch;E09540
Buttery White;Fffcea
Byzantine Blue;3457d5
Byzantine;Bd33a4
Byzantium;702963
Cab Sav;4d0a18
Cabaret;D94972
Cabbage Pont;3f4c3a
Cactus;587156
Cadet Blue;A9b2c3
Cadet Blue;5f9ea0
Cadet Gray;91a3b0
Cadillac;B04c6a
Cadmium Green;006b3c
Cadmium Orange;Ed872d
Cafe Royale;6f440c
Café Au Lait;A67b5b
Café Noir;4b3621
Cal Poly Green;1e4d2b
Calico;E0c095
California;Fe9d04
Calypso;31728d
Camarone;00581a
Cambridge Blue;85b09a
Cambridge Blue;A3c1ad
Camel;C19a6b
Camelot;893456
Cameo Pink;Efbbcc
Cameo;D9b99b
Camouflage Green;78866b
Camouflage;3c3910
Can Can;D591a4
Canary Yellow;Ffef00
Canary;F3fb62
Canary;Ffef00
Canary;Ffff99
Candlelight;Fcd917
Candy Corn;Fbec5d
Candy Apple Red;Ff0800
Candy Pink;E4717a
Cannon Black;251706
Cannon Pink;894367
Cantaloupe Melon;Fdbcb4
Cape Cod;3c4443
Cape Honey;Fee5ac
Cape Palliser;A26645
Caper;Dcedb4
Capri;00bfff
Caput Mortuum;592720
Caramel;Cc7f3b
Caramel;Ffddaf
Cararra;Eeeee8
Cardin Green;01361c
Cardinal Pink;8c055e
Cardinal;C41e3a
Cardinal;C51e3a
Careys Pink;D29eaa
Caribbean Current;006d6f
Caribbean Green;00cc99
Carissma;Ea88a8
Carla;F3ffd8
Carmine (M&P);D70040
Carmine;960018
Carnaby Tan;5c2e01
Carnation Pink;Ffa6c9
Carnation;F95a61
Carnelian;B31b1b
Carolina Blue;56a0d3
Carolina Blue;7bafd4
Carousel Pink;F9e0ed
Carrot Orange;Ed9121
Casablanca;F8b853
Casal;2f6168
Cascade;8ba9a5
Cashmere;E6bea5
Casper;Adbed1
Castleton Green;00563b
Castro;52001f
Catalina Blue;062a78
Catawba;703642
Catskill White;Eef6f7
Cavern Pink;E3bebe
Cedar Chest;C95a49
Cedar Wood Finish;711a00
Cedar;3e1c14
Celadon;Ace1af
Celery;B8c25d
Celeste;B2ffff
Celeste;D1d2ca
Celestial Blue;4997d0
Cello;1e385b
Celtic Blue;246bce
Celtic;163222
Cement;8d7662
Ceramic;Fcfff9
Cerise Red;De3163
Cerise;Da3287
Cerise;De3163
Cerulean (Crayola);1dacd6
Cerulean Blue;2a52be
Cerulean Frost;6d9bc3
Cerulean;007ba7
Cerulean;02a4d3
Chablis;Fff4f3
Chalet Green;516e3d
Chalky;Eed794
Chambray;354e8c
Chamois;Eddcb1
Chamoisee;A0785a
Champagne (Color);F7e7ce
Champagne Pink;F1ddcf
Champagne;F7e7ce
Champagne;Faeccc
Chantilly;F8c3df
Charade;292937
Charcoal;36454f
Chardon;Fff3f1
Chardonnay;Ffcd8c
Charlotte;Baeef9
Charm Pink;E68fac
Charm;D47494
Chartreuse (Web);80ff00
Chartreuse Yellow;Dfff00
Chartreuse;7fff00
Chartreuse;80ff00
Chartreuse;Dfff00
Chateau Green;40a860
Chatelle;Bdb3c7
Chathams Blue;175579
Chefchaouen Blue;468fea
Chelsea Cucumber;83aa5d
Chelsea Gem;9e5302
Chenin;Dfcd6f
Cherokee;Fcda98
Cherry Pie;2a0359
Cherry Blossom Pink;Ffb7c5
Cherrywood;651a14
Cherub;F8d9e9
Chestnut Rose;Cd5c5c
Chestnut;954535
Chestnut;B94e48
Chetwode Blue;8581d9
Chicago;5d5c58
Chiffon;F1ffc8
Chilean Fire;F77703
Chilean Heath;Fffde6
Chili Red;E23d28
China Ivory;Fcffe7
China Pink;De6fa1
China Rose;A8516e
Chinese Red;Aa381e
Chinese Violet;856088
Chinese Yellow;Ffb200
Chino;Cec7a7
Chinook;A8e3bd
Chocolate (Traditional);7b3f00
Chocolate (Web);D2691e
Chocolate Cosmos;58111a
Chocolate;370202
Chocolate;7b3f00
Christalle;33036b
Christi;67a712
Christine;E7730a
Chrome White;E8f1d4
Chrysler Blue;3b00db
Cinder;0e0e18
Cinderella;Fde1dc
Cinereous;98817b
Cinnabar;E34234
Cinnabar;E44d2e
Cinnamon Satin;Cd607e
Cinnamon;7b3f00
Cioccolato;55280c
Citrine White;Faf7d6
Citrine;E4d00a
Citron;9ea91f
Citron;9fa91f
Citron;Ddd06a
Citrus;A1c50a
Clairvoyant;480656
Clam Shell;D4b6af
Claret;7f1734
Classic Rose;Fbcce7
Clay Ash;Bdc8b3
Clay Creek;8a8360
Clear Day;E9fffd
Clementine;E96e00
Clinker;371d09
Cloud Burst;202e54
Cloud;C7c4bf
Cloudy;Aca59f
Clover;384910
Cobalt Blue;0047ab
Cobalt;0047ab
Cocoa Bean;481c1c
Cocoa Brown;301f1e
Cocoa Brown;D2691e
Coconut Cream;F8f7dc
Cod Gray;0b0b0b
Coffee Bean;2a140e
Coffee;6f4e37
Coffee;706555
Cognac;9f381d
Cola;3f2500
Cold Purple;Aba0d9
Cold Turkey;Cebaba
Colonial White;Ffedbc
Columbia Blue;B9d9eb
Comet;5c5d75
Como;517c66
Conch;C9d9d2
Concord;7c7b7a
Concrete;F2f2f2
Confetti;E9d75a
Congo Brown;593737
Congo Pink;F88379
Congress Blue;02478e
Conifer;Acdd4d
Contessa;C6726b
Cool Gray;8c92ac
Copper (Crayola);Da8a67
Copper Canyon;7e3a15
Copper Rose;996666
Copper Rust;944747
Copper Penny;Ad6f69
Copper Red;Cb6d51
Copper Rose;996666
Copper;B87333
Copperfield;Da8a67
Coquelicot;Ff3800
Coral Red;Ff4040
Coral Reef;C7bca2
Coral Tree;A86b6b
Coral Pink;F88379
Coral;Ff7f50
Cordovan;893f45
Corduroy;606e68
Coriander;C4d0b0
Cork;40291d
Corn Field;F8facd
Corn Harvest;8b6b0b
Corn;E7bf05
Corn;Fbec5d
Cornell Red;B31b1b
Cornflower Blue;6495ed
Cornflower Lilac;Ffb0ac
Cornflower Blue;6495ed
Cornflower;93ccea
Cornsilk;Fff8dc
Corvette;Fad3a2
Cosmic Cobalt;2e2d88
Cosmic Latte;Fff8e7
Cosmic;76395d
Cosmos;Ffd8d9
Costa Del Sol;615d30
Cotton Candy;Ffb7d5
Cotton Seed;C2bdb6
Cotton Candy;Ffbcd9
County Green;01371a
Cowboy;4d282d
Coyote Brown;81613c
Coyote;81613e
Crail;B95140
Cranberry;Db5079
Crater Brown;462425
Cream Brulee;Ffe5a0
Cream Can;F5c85c
Cream;Fffdd0
Creole;1e0f04
Crete;737829
Crimson (Ua);9e1b32
Crimson;Dc143c
Crocodile;736d58
Crown Of Thorns;771f1f
Crowshead;1c1208
Cruise;B5ecdf
Crusoe;004816
Crusta;Fd7b33
Cultured Pearl;F5f5f5
Cumin;924321
Cumulus;Fdffd5
Cupid;Fbbeda
Curious Blue;2596d1
Cutty Sark;507672
Cyan (Process);00b7eb
Cyan / Aqua;00ffff
Cyan;00ffff
Cyber Grape;58427c
Cyber Yellow;Ffd300
Cyclamen;F56fa1
Cyprus;003e40
Daintree;012731
Dairy Cream;F9e4bc
Daisy Bush;4f2398
Dallas;6e4b26
Dandelion;Fed85d
Danube;6093d1
Dark Blue;0000c8
Dark Burgundy;770f05
Dark Ebony;3c2005
Dark Fern;0a480d
Dark Magenta;8b008b
Dark Tan;661010
Dark Blue;0000b8
Dark Brown;654321
Dark Byzantium;5d3954
Dark Cyan;008b8b
Dark Electric Blue;536878
Dark Goldenrod;B8860b
Dark Green (X11);006400
Dark Green;013220
Dark Jungle Green;1a2421
Dark Khaki;Bdb76b
Dark Lava;483c32
Dark Liver (Horses);543d37
Dark Magenta;8b008b
Dark Moss Green;4a5d23
Dark Olive Green;556b2f
Dark Orange (Web);Ff8c00
Dark Orange;Ff8c00
Dark Orchid;9932cc
Dark Pastel Green;03c03c
Dark Purple;301934
Dark Red;8b0000
Dark Salmon;E9967a
Dark Sea Green;8fbc8f
Dark Sienna;3c1414
Dark Sky Blue;8cbed6
Dark Slate Blue;483d8b
Dark Slate Gray;2f4f4f
Dark Spring Green;177245
Dark Turquoise;00ced1
Dark Violet;9400d3
Dartmouth Green;00693e
Davy's Gray;555555
Dawn Pink;F3e9e5
Dawn;A6a29a
De York;7ac488
Deco;D2da97
Deep Blue;220878
Deep Blush;E47698
Deep Bronze;4a3004
Deep Cerulean;007ba7
Deep Cove;051040
Deep Fir;002900
Deep Forest Green;182d09
Deep Koamaru;1b127b
Deep Oak;412010
Deep Sapphire;082567
Deep Sea Green;095859
Deep Sea;01826b
Deep Space Sparkle;4a646c
Deep Teal;003532
Deep Cerise;Da3287
Deep Champagne;Fad6a5
Deep Chestnut;B94e48
Deep Jungle Green;004b49
Deep Pink;Ff1493
Deep Saffron;Ff9933
Deep Sky Blue;00bfff
Deep Taupe;7e5e60
Del Rio;B09a95
Delft Blue;1f305e
Dell;396413
Delta;A4a49d
Deluge;7563a8
Denim Blue;2243b6
Denim;1560bd
Derby;Ffeed8
Desert Sand;Edc9af
Desert Storm;F8f8f7
Desert Sand (Color);Edc9af
Desert Sand;Edc9af
Desert;Ae6020
Desert;C19a6b
Dew;Eafffe
Di Serria;Db995e
Diesel;130000
Dim Gray;696969
Dingley;5d7747
Disco;871550
Dixie;E29418
Dodger Blue;1e90ff
Dogwood Rose;D71868
Dolly;F9ff8b
Dolphin;646077
Domino;8e775e
Don Juan;5d4c51
Donkey Brown;A69279
Dorado;6b5755
Double Colonial White;Eee3ad
Double Pearl Lusta;Fcf4d0
Double Spanish White;E6d7b9
Dove Gray;6d6c6c
Downriver;092256
Downy;6fd0c5
Drab Dark Brown;4a412a
Driftwood;Af8751
Drover;Fdf7ad
Duke Blue;00009c
Dull Lavender;A899e6
Dun;Dac8ae
Dune;383533
Dust Storm;E5ccc9
Dusty Gray;A8989b
Dutch White;Efdfbb
Eagle;B6baa4
Earls Green;C9b93b
Early Dawn;Fff9e6
Earth Yellow;E1a95f
East Bay;414c7d
East Side;Ac91ce
Eastern Blue;1e9ab0
Ebb;E9e3e3
Ebony Clay;26283b
Ebony;0c0b1d
Ebony;555d50
Eclipse;311c17
Ecru White;F5f3e5
Ecru;C2b280
Ecru;Cdb280
Ecstasy;Fa7814
Eden;105852
Edgewater;C8e3d7
Edward;A2aeab
Eerie Black;1b1b1b
Egg Sour;Fff4dd
Egg White;Ffefc1
Eggplant;614051
Eggshell;F0ead6
Egyptian Blue;1034a6
El Paso;1e1708
El Salva;8f3e33
Electric Lime;Ccff00
Electric Violet;8b00ff
Electric Blue;7df9ff
Electric Indigo;6f00ff
Electric Lime;Ccff00
Electric Purple;Bf00ff
Electric Violet;8f00ff
Elephant;123447
Elf Green;088370
Elm;1c7c7d
Emerald;50c878
Eminence;6c3082
Emperor;514649
Empress;817377
Endeavour;0056a7
Energy Yellow;F8dd5c
Engineering Orange;Ba160c
English Holly;022d15
English Walnut;3e2b23
English Lavender;B48395
English Red;Ab4b52
English Vermillion;Cc474b
English Violet;563c5c
Envy;8ba690
Equator;E1bc64
Erin;00ff40
Espresso;612718
Eternity;211a0e
Eton Blue;96c8a2
Eucalyptus;278a5b
Eunry;Cfa39d
Evening Sea;024e46
Everglade;1c402e
Faded Jade;427977
Fair Pink;Ffefec
Fairy Tale;F2c1d1
Falcon;7f626d
Fall Green;Ecebbd
Fallow;C19a6b
Falu Red;801818
Fandango Pink;De5285
Fandango;B53389
Fantasy;Faf3f0
Fawn;E5aa70
Federal Blue;16166b
Fedora;796a78
Feijoa;9fdd8c
Feldgrau;4d5d53
Fern Frond;657220
Fern Green;4f7942
Fern;63b76c
Ferra;704f50
Festival;Fbe96c
Feta;F0fcea
Field Drab;6c541e
Fiery Orange;B35213
Fiery Rose;Ff5470
Finch;626649
Finlandia;556d56
Finn;683068
Finn;692d54
Fiord;405169
Fire Bush;E89928
Fire Brick;B22222
Fire Engine Red;Ce2029
Fire;Aa4203
Firebrick;B22222
Firefly;0e2a30
Flame Pea;Da5b38
Flame;E25822
Flamenco;Ff7d07
Flamingo;F2552a
Flax Smoke;7b8265
Flax;Eedc82
Flesh;Ffcba4
Flint;6f6a61
Flirt;A2006d
Floral White;Fffaf0
Fluorescent Cyan;15f4ee
Flush Mahogany;Ca3435
Flush Orange;Ff7f00
Foam;D8fcfa
Fog;D7d0ff
Foggy Gray;Cbcab6
Folly;Ff004f
Forest Green;228b22
Forest Green (Web);228b22
Forest Green;228b22
Forget Me Not;Fff1ee
Fountain Blue;56b4be
Frangipani;Ffdeb3
French Blue;0072bb
French Gray;Bdbdc6
French Lilac;Ecc7ee
French Pass;Bdedfd
French Rose;F64a8a
French Beige;A67b5b
French Bistre;856d4d
French Blue;0072bb
French Fuchsia;Fd3f92
French Gray;Bebfc5
French Lilac;86608e
French Lime;9efd38
French Mauve;D473d4
French Pink;Fd6c9e
French Raspberry;C72c48
French Rose;F64a8a
French Sky Blue;77b5fe
French Violet;8806ce
Fresh Eggplant;990066
Friar Gray;807e79
Fringy Flower;B1e2c1
Froly;F57584
Frost;Edf5dd
Frostbite;E936a7
Frosted Mint;Dbfff8
Frostee;E4f6e7
Fruit Salad;4f9d5d
Fuchsia (Crayola);C154c1
Fuchsia Blue;7a58c1
Fuchsia Pink;C154c1
Fuchsia Rose;C74375
Fuchsia;Ff00ff
Fuego;Bede0d
Fuel Yellow;Eca927
Fulvous;E48400
Fun Blue;1959a8
Fun Green;016d39
Fuscous Gray;54534d
Fuzzy Wuzzy Brown;C45655
Fuzzy Wuzzy;87421f
Go Green;00ab66
Gable Green;163531
Gainsboro;Dcdcdc
Gallery;Efefef
Galliano;Dcb20c
Gamboge;E49b0f
Gamboge;Ef9b0f
Garnet;733635
Geebung;D18f1b
Generic Viridian;007f66
Genoa;15736b
Geraldine;Fb8989
Geyser;D4dfe2
Ghost White;F8f8ff
Ghost;C7c9d5
Giants Orange;Fe5a1d
Gigas;523c94
Gimblet;B8b56a
Gin Fizz;Fff9e2
Gin;E8f2eb
Givry;F8e4bf
Glacier;80b3c4
Glade Green;61845f
Glaucous;6082b6
Glossy Grape;Ab92b3
Go Ben;726d4e
Goblin;3d7d52
Gold (Crayola);E6be8a
Gold (Metallic);D4af37
Gold (Web) (Golden);Ffd700
Gold Drop;F18200
Gold Fusion;85754e
Gold Sand;E6be8a
Gold Tips;Deba13
Gold;Ffd700
Golden Bell;E28913
Golden Dream;F0d52d
Golden Fizz;F5fb3d
Golden Gate Bridge;F04a00
Golden Glow;Fde295
Golden Grass;Daa520
Golden Sand;F0db7d
Golden Tainoi;Ffcc5c
Golden Brown;996515
Golden Poppy;Fcc200
Golden Yellow;Ffdf00
Goldenrod;Daa520
Goldenrod;Fcd667
Gondola;261414
Gordons Green;0b1107
Gorse;Fff14f
Gossamer;069b81
Gossip;D2f8b0
Gotham Green;00573f
Gothic;6d92a1
Governor Bay;2f3cb3
Grain Brown;E4d5b7
Grandis;Ffd38c
Granite Green;8d8974
Granite Gray;676767
Granny Apple;D5f6e3
Granny Smith Apple;9de093
Granny Smith Apple;A8e4a0
Granny Smith;84a0a0
Grape;381a51
Grape;6f2da8
Graphite;251607
Gravel;4a444b
Gray (X11 Gray);Bebebe
Gray (Web);808080
Gray Asparagus;465945
Gray Chateau;A2aab3
Gray Nickel;C3c3bd
Gray Nurse;E7ece6
Gray Olive;A9a491
Gray Suit;C1becd
Gray;808080
Green (Crayola);1cac78
Green (Munsell);00a877
Green (Ncs);009f6b
Green (Pantone);00ad43
Green (Pigment);00a550
Green (Web);008000
Green Blue;1164b4
Green Haze;01a368
Green House;24500f
Green Kelp;25311c
Green Leaf;436a0d
Green Lizard;A7f432
Green Mist;Cbd3b0
Green Pea;1d6142
Green Sheen;6eaea1
Green Smoke;A4af6e
Green Spring;B8c1b1
Green Vogue;032b52
Green Waterloo;101405
Green White;E8ebe0
Green Yellow;Adff2f
Green-Blue;1164b4
Green;00ff00
Grenadier;D54600
Guardsman Red;Ba0101
Gulf Blue;051657
Gulf Stream;80b3ae
Gull Gray;9dacb7
Gum Leaf;B6d3bf
Gumbo;7ca1a6
Gun Powder;414257
Gunmetal;2a3439
Gunsmoke;828685
Gurkha;9a9577
Hacienda;98811b
Hairy Heath;6b2a14
Haiti;1b1035
Half Baked;85c4cc
Half Colonial White;Fdf6d3
Half Dutch White;Fef7de
Half Spanish White;Fef4db
Half And Half;Fffee1
Hampton;E5d8af
Hansa Yellow;E9d66b
Harlequin;3fff00
Harp;E6f2ea
Harvest Gold;E0b974
Harvest Gold;Da9100
Harvest Gold;E6a817
Havelock Blue;5590d9
Hawaiian Tan;9d5616
Hawkes Blue;D4e2fc
Heat Wave;Ff7a00
Heath;541012
Heather;B7c3d0
Heathered Gray;B6b095
Heavy Metal;2b3228
Heliotrope Gray;Aa98a9
Heliotrope;Df73ff
Hemlock;5e5d3b
Hemp;907874
Hibiscus;B6316c
Highland;6f8e63
Hillary;Aca586
Himalaya;6a5d1b
Hint Of Green;E6ffe9
Hint Of Red;Fbf9f9
Hint Of Yellow;Fafde4
Hippie Blue;589aaf
Hippie Green;53824b
Hippie Pink;Ae4560
Hit Gray;A1adb5
Hit Pink;Ffab81
Hokey Pokey;C8a528
Hoki;65869f
Holly;011d13
Hollywood Cerise;F400a1
Honey Flower;4f1c70
Honeydew;F0fff0
Honeysuckle;Edfc84
Honolulu Blue;0076b6
Honolulu Blue;006db0
Hooker's Green;49796b
Hopbush;D06da1
Horizon;5a87a0
Horses Neck;604913
Hot Cinnamon;D2691e
Hot Pink;Ff69b4
Hot Toddy;B38007
Hot Magenta;Ff00cc
Hot Magenta;Ff1dce
Hot Pink;Ff69b4
Humming Bird;Cff9f3
Hunter Green;161d10
Hunter Green;355e3b
Hunyadi Yellow;E8ac41
Hurricane;877c7b
Husk;B7a458
Ice Cold;B1f4e7
Ice Blue;99ffff
Iceberg;71a6d2
Iceberg;Daf4f0
Icterine;Fcf75e
Illuminating Emerald;319177
Illusion;F6a4c9
Imperial Red;Ed2939
Inch Worm;B0e313
Inchworm;B2ec5d
Independence;4c516d
India Green;138808
Indian Khaki;C3b091
Indian Tan;4d1e01
Indian Red;Cd5c5c
Indian Yellow;E3a857
Indigo Dye;00416a
Indigo;4b0082
Indigo;4f69c6
Indochine;C26b03
International Klein Blue;002fa7
International Klein Blue;130a8f
International Orange;Ff4f00
International Orange (Golden Gate Bridge);C0362c
International Orange (Engineering);Ba160c
Iris;5a4fcf
Irish Coffee;5f3d26
Iroko;433120
Iron;D4d7d9
Ironside Gray;676662
Ironstone;86483c
Irresistible;B3446c
Isabelline;F4f0ec
Island Spice;Fffcee
Italian Sky Blue;B2ffff
Ivory;Fffff0
Jacaranda;2e0329
Jacarta;3a2a6a
Jacko Bean;2e1905
Jacksons Purple;20208d
Jade;00a86b
Jaffa;Ef863f
Jagged Ice;C2e8e5
Jagger;350e57
Jaguar;080110
Jambalaya;5b3013
Janna;F4ebd3
Japanese Laurel;0a6906
Japanese Maple;780109
Japanese Carmine;9d2933
Japanese Violet;5b3256
Japonica;D87c63
Jasmine;F8de7e
Jasper;D05340
Java;1fc2c2
Jazzberry Jam;A50b5e
Jelly Bean;297b9a
Jet Stream;B5d2ce
Jet;343434
Jewel;126b40
Jon;3b1f1f
Jonquil;Eeff9a
Jonquil;F4ca16
Jonquil;Faca16
Jordy Blue;8ab9f1
Judge Gray;544333
Jumbo;7c7b82
June Bud;Bdda57
Jungle Green;29ab87
Jungle Mist;B4cfd3
Jungle Green;29ab87
Juniper;6d9292
Just Right;Eccdb9
Ksu Purple;512888
Kabul;5e483e
Kaitoke Green;004620
Kangaroo;C6c8bd
Karaka;1e1609
Karry;Ffead4
Kashmir Blue;507096
Kelly Green;4cbb17
Kelp;454936
Kenyan Copper;7c1c05
Keppel;3ab09e
Key Lime Pie;Bfc921
Key Lime;E8f48c
Khaki (X11) (Light Khaki);F0e68c
Khaki (Web);C3b091
Khaki;C3b091
Khaki;F0e68c
Kidnapper;E1ead4
Kilamanjaro;240c02
Killarney;3a6a47
Kimberly;736c9f
Kingfisher Daisy;3e0480
Kobe;882d17
Kobi;E79fc4
Kobicha;6b4423
Kokoda;6e6d57
Korma;8f4b0e
Koromiko;Ffbd5f
Kournikova;Ffe772
Kumera;886221
La Palma;368716
La Rioja;B3c110
Languid Lavender;D6cadd
Lapis Lazuli;26619c
Las Palmas;C6e610
Laser Lemon;Ffff66
Laser;C8b568
Laurel Green;A9ba9d
Laurel;749378
Lava;Cf1020
Lavender (Floral);B57edc
Lavender (Web);E6e6fa
Lavender Gray;Bdbbd7
Lavender Magenta;Ee82ee
Lavender Pink;Fbaed2
Lavender Purple;967bb6
Lavender Rose;Fba0e3
Lavender Blue;Ccccff
Lavender Blush;Fff0f5
Lavender Gray;C4c3d0
Lavender Pink;Fbaed2
Lavender;B57edc
Lawn Green;7cfc00
Leather;967059
Lemon Chiffon;Fffacd
Lemon Ginger;Ac9e22
Lemon Grass;9b9e8f
Lemon Lime;E3ff00
Lemon Chiffon;Fffacd
Lemon Curry;Cca01d
Lemon Glacier;Fdff00
Lemon Meringue;F6eabe
Lemon Yellow (Crayola);Ffff9f
Lemon Yellow;Fff44f
Lemon;Fde910
Lemon;Fff700
Liberty;545aa7
Licorice;1a1110
Light Apricot;Fdd5b1
Light French Beige;C8ad7f
Light Orchid;E29cd2
Light Sky Blue;87cefa
Light Wisteria;C9a0dc
Light Blue;Add8e6
Light Coral;F08080
Light Cornflower Blue;93ccea
Light Cyan;E0ffff
Light Goldenrod Yellow;Fafad2
Light Gray;D3d3d3
Light Green;90ee90
Light Orange;Fed8b1
Light Periwinkle;C5cbe1
Light Pink;Ffb6c1
Light Red;Ff7f7f
Light Salmon;Ffa07a
Light Sea Green;20b2aa
Light Sky Blue;87cefa
Light Slate Gray;778899
Light Steel Blue;B0c4de
Light Yellow;Ffffe0
Lightning Yellow;Fcc01e
Lilac Bush;9874d3
Lilac Luster;Ae98aa
Lilac;C8a2c8
Lily White;E7f8ff
Lily;C8aabf
Lima;76bd17
Lime (Color Wheel);Bfff00
Lime (Web) (X11 Green);00ff00
Lime Green;32cd32
Lime;Bfff00
Lime;C0ff00
Limeade;6f9d02
Limed Ash;747d63
Limed Oak;Ac8a56
Limed Spruce;394851
Lincoln Green;195905
Linen;Faf0e6
Link Water;D9e4f5
Lion;Decc9c
Lipstick;Ab0563
Lisbon Brown;423921
Liseran Purple;De6fa1
Little Boy Blue;6ca0dc
Liver (Dogs);B86d29
Liver (Organ);6c2e1f
Liver Chestnut;987456
Liver;674c47
Livid Brown;4d282e
Livid;6699cc
Loafer;Eef4de
Loblolly;Bdc9ce
Lochinvar;2c8c84
Lochmara;007ec7
Locust;A8af8e
Log Cabin;242a1d
Logan;Aaa9cd
Lola;Dfcfdb
London Hue;Bea6c3
Lonestar;6d0101
Lotus;863c3c
Loulou;460b41
Lucky Point;1a1a68
Lucky;Af9f1c
Lunar Green;3c493a
Luxor Gold;A7882c
Lynch;697e9a
Msu Green;18453b
Mabel;D9f7ff
Macaroni And Cheese;Ffb97b
Macaroni And Cheese;Ffbd88
Madang;B7f0be
Madder Lake;Cc3336
Madder;A50021
Madison;09255d
Madras;3f3002
Magenta (Cmyk);Ff0090
Magenta (Crayola);F653a6
Magenta (Pantone);D0417e
Magenta (Dye);Ca1f7b
Magenta (Process);Ff0090
Magenta / Fuchsia;Ff00ff
Magenta Dye;Ca1f7b
Magenta Haze;9f4576
Magenta;Ff00ff
Magic Mint;Aaf0d1
Magnolia;F2e8d7
Magnolia;F8f4ff
Mahogany;4e0606
Mahogany;C04000
Mai Tai;B06608
Maize (Crayola);F2c649
Maize;F5d5a0
Maize;Fbec5d
Majorelle Blue;6050dc
Makara;897d6d
Mako;444954
Malachite;0bda51
Malibu;7dc8f7
Mallard;233418
Malta;Bdb2a1
Mamba;8e8190
Manatee;8d90a1
Manatee;979aaa
Mandalay;Ad781b
Mandarin;F37a48
Mandy;E25465
Mandys Pink;F2c3b2
Mango Tango;E77200
Mango Tango;Ff8243
Mango;Fdbe02
Manhattan;F5c999
Mantis;74c365
Mantle;8b9c90
Manz;Eeef78
Mardi Gras;350036
Mardi Gras;880085
Marian Blue;2b4593
Marigold Yellow;Fbe870
Marigold;B98d28
Marigold;Eaa221
Mariner;286acd
Maroon (Crayola);C32148
Maroon (X11);B03060
Maroon (Web);800000
Maroon Flush;C32148
Maroon Oak;520c17
Maroon;800000
Marshland;0b0f08
Martini;Afa09e
Martinique;363050
Marzipan;F8db9d
Masala;403b38
Matisse;1b659d
Matrix;B05d54
Matterhorn;4e3b41
Mauve Taupe;915f6d
Mauve;E0b0ff
Mauveine;8d029b
Mauvelous;Ef98aa
Mauvelous;F091a9
Maverick;D8c2d5
Maximum Blue Green;30bfbf
Maximum Blue Purple;Acace6
Maximum Blue;47abcc
Maximum Green Yellow;D9e650
Maximum Green;5e8c31
Maximum Purple;733380
Maximum Red Purple;A63a79
Maximum Red;D92121
Maximum Yellow Red;F2ba49
Maximum Yellow;Fafa37
May Green;4c9141
Maya Blue;73c2fb
Medium Carmine;Af4035
Medium Purple;9370db
Medium Red Violet;Bb3385
Medium Aquamarine;66ddaa
Medium Blue;0000cd
Medium Candy Apple Red;E2062c
Medium Carmine;Af4035
Medium Champagne;F3e5ab
Medium Orchid;Ba55d3
Medium Purple;9370db
Medium Sea Green;3cb371
Medium Slate Blue;7b68ee
Medium Spring Green;00fa9a
Medium Turquoise;48d1cc
Medium Violet-Red;C71585
Melanie;E4c2d5
Melanzane;300529
Mellow Apricot;F8b878
Mellow Yellow;F8de7e
Melon;Febaad
Melrose;C7c1ff
Mercury;E5e5e5
Merino;F6f0e6
Merlin;413c37
Merlot;831923
Metallic Bronze;49371b
Metallic Copper;71291d
Metallic Seaweed;0a7e8c
Metallic Sunburst;9c7c38
Metallic Gold;D3af37
Meteor;D07d12
Meteorite;3c1f76
Mexican Red;A72525
Mexican Pink;E4007c
Mid Gray;5f5f6e
Middle Blue Green;8dd9cc
Middle Blue Purple;8b72be
Middle Blue;7ed4e6
Middle Green Yellow;Acbf60
Middle Green;4d8c57
Middle Purple;D982b5
Middle Red Purple;A55353
Middle Red;E58e73
Middle Yellow Red;Ecb176
Middle Yellow;Ffeb00
Midnight Blue;003366
Midnight Moss;041004
Midnight Blue;191970
Midnight Green (Eagle Green);004953
Midnight Green;004953
Midnight;011635
Midnight;702670
Mikado Yellow;Ffc40c
Mikado;2d2510
Milan;Faffa4
Milano Red;B81104
Milk Punch;Fff6d4
Millbrook;594433
Mimi Pink;Ffdae9
Mimosa;F8fdd3
Mindaro;E3f988
Mine Shaft;323232
Mineral Green;3f5d53
Ming;36747d
Minion Yellow;F5e050
Minsk;3f307f
Mint Green;98ff98
Mint Julep;F1eec1
Mint Tulip;C4f4eb
Mint Cream;F5fffa
Mint Green;98ff98
Mint Green;Dffffd
Mint;3eb489
Mirage;161928
Mischka;D1d2dd
Mist Gray;C4c4bc
Misty Moss;Bbb477
Misty Rose;Ffe4e1
Mobster;7f7589
Moccaccino;6e1d14
Mocha;782d19
Mode Beige;967117
Mojo;C04737
Mona Lisa;Ff948e
Mona Lisa;Ffa194
Monarch;8b0723
Mondo;4a3c30
Mongoose;B5a27f
Monsoon;8a8389
Monte Carlo;83d0c6
Monza;C7031e
Moody Blue;7f76d3
Moon Glow;Fcfeda
Moon Mist;Dcddcc
Moon Raker;D6cef6
Moonstone;3aa8c1
Morning Glory;9edee0
Morning Blue;8da399
Morocco Brown;441d00
Mortar;504351
Mosque;036a6e
Moss Green;Addfad
Moss Green;8a9a5b
Mountain Meadow;1ab385
Mountain Meadow;30ba8f
Mountain Mist;959396
Mountbatten Pink;997a8d
Muddy Waters;B78e5c
Muesli;Aa8b5b
Mulberry (Crayola);C8509b
Mulberry Wood;5c0536
Mulberry;C54b8c
Mule Fawn;8c472f
Mulled Wine;4e4562
Murrey;8b004b
Mustard;Ffdb58
My Pink;D69188
My Sin;Ffb31f
Myrtle Green;317873
Mystic Maroon;Ad4379
Mystic;D65282
Mystic;E2ebed
Nadeshiko Pink;F6adc6
Nandor;4b5d52
Napa;Aca494
Naples Yellow;Fada5e
Narvik;Edf9f1
Natural Gray;8b8680
Navajo White;Ffdead
Navy Blue;000080
Navy Blue (Crayola);1974d2
Navy Blue;000080
Nebula;Cbdbd6
Negroni;Ffe2c5
Neon Carrot;Ff9933
Neon Blue;4666ff
Neon Fuchsia;Fe4164
Neon Green;39ff14
Nepal;8eabc1
Neptune;7cb7bb
Nero;140600
Nevada;646e75
New Orleans;F3d69d
New York Pink;D7837f
Niagara;06a189
Nickel;727472
Night Rider;1f120f
Night Shadz;Aa375a
Night;111111
Nile Blue;193751
Nobel;B7b1b1
Nomad;Bab1a2
Non Photo Blue;A4dded
Non-Photo Blue;A4dded
Norway;A8bd9f
Nugget;C59922
Nutmeg Wood Finish;683600
Nutmeg;81422c
Nyanza;E9ffdb
Ou Crimson Red;841617
Ou Crimson;841617
Oasis;Feefce
Observatory;02866f
Ocean Green;41aa78
Ochre;Cc7722
Off Green;E6f8f3
Off Red (Rgb);Fe0000
Off Yellow;Fef9e3
Office Green;008000
Oil;281e15
Old Brick;901e1e
Old Copper;724a2f
Old Gold;Cfb53b
Old Lace;Fdf5e6
Old Lavender;796878
Old Rose;C08081
Old Burgundy;43302e
Old Gold;Cfb53b
Old Lace;Fdf5e6
Old Lavender;796878
Old Mauve;673147
Old Rose;C08081
Old Silver;848482
Olive Drab #7;3c341f
Olive Drab (#3);6b8e23
Olive Drab;6b8e23
Olive Green;B5b35c
Olive Haze;8b8470
Olive Green;B5b35c
Olive;808000
Olivetone;716e10
Olivine;9ab973
Onahau;Cdf4ff
Onion;2f270e
Onyx;353839
Opal;A8c3bc
Opal;A9c6c2
Opera Mauve;B784a7
Opium;8e6f70
Oracle;377475
Orange (Crayola);Ff7538
Orange (Pantone);Ff5800
Orange (Web);Ffa500
Orange (Wheel);Ff8000
Orange Peel;Ffa000
Orange Roughy;C45719
Orange White;Fefced
Orange Peel;Ff9f00
Orange Peel;Ffa000
Orange Soda;Fa5b3d
Orange-Red (Crayola);Ff5349
Orange-Red;Ff681f
Orange-Yellow (Crayola);F8d568
Orange-Yellow;F5bd1f
Orange;Ff681f
Orange;Ff7f00
Orchid (Crayola);E29cd2
Orchid White;Fffdf3
Orchid Pink;F2bdcd
Orchid;Da70d6
Oregon;9b4703
Orient;015e85
Oriental Pink;C69191
Orinoco;F3fbd4
Oslo Gray;878d91
Ottoman;E9f8ed
Outer Space;2d383a
Outer Space (Crayola);2d383a
Outer Space;414a4c
Outrageous Orange;Ff6037
Outrageous Orange;Ff6e4a
Oxblood;4a0000
Oxford Blue;002147
Oxford Blue;384555
Oxford Blue;002147
Oxley;779e86
Oyster Bay;Dafaff
Oyster Pink;E9cecd
Paarl;A65529
Pablo;776f61
Pacific Blue;009dc4
Pacific Blue;1ca9c9
Pacific Cyan;1ca9c9
Pacifika;778120
Paco;411f10
Padua;Ade6c4
Pakistan Green;00401a
Pakistan Green;006600
Palatinate Blue;273be2
Palatinate Purple;682860
Palatinate;682860
Pale Canary;Ffff99
Pale Dogwood;Ed7a9b
Pale Dogwood;Edcdc2
Pale Leaf;C0d3b9
Pale Oyster;988d77
Pale Prim;Fdfeb8
Pale Rose;Ffe1f2
Pale Sky;6e7783
Pale Slate;C3bfc1
Pale Aqua;Bed3e5
Pale Azure;87d3f8
Pale Cerulean;9bc4e2
Pale Pink;Fadadd
Pale Purple (Pantone);Fae6fa
Pale Purple;Fae6fa
Pale Spring Bud;Ecebbd
Palm Green;09230f
Palm Leaf;19330e
Pampas;F4f2ee
Panache;Eaf6ee
Pancho;Edcdab
Pansy Purple;78184a
Paolo Veronese Green;009b7d
Papaya Whip;Ffefd5
Paprika;8d0226
Paradise Pink;E63e62
Paradiso;317d82
Parchment;F1e9d2
Paris Daisy;Fff46e
Paris Green;50c878
Paris M;26056a
Paris White;Cadcd4
Parsley;134f19
Pastel Green;77dd77
Pastel Pink;Ffd1dc
Pastel Pink;Dea5a4
Patina;639a8f
Patriarch;800080
Pattens Blue;Def5ff
Paua;1f005e
Paua;260368
Pavlova;D7c498
Payne's Gray;536878
Peach (Crayola);Ffcba4
Peach Cream;Fff0db
Peach Orange;Ffcc99
Peach Schnapps;Ffdcd6
Peach Yellow;Fadfad
Peach Puff;Ffdab9
Peach;Ffcba4
Peach;Ffe5b4
Peanut;782f16
Pear;D1e231
Pearl Bush;E8e0d5
Pearl Lusta;Fcf4dc
Pearl;Eae0c8
Pearly Purple;B768a2
Peat;716b56
Pelorous;3eabbf
Penn Blue;011f5b
Penn Red;990000
Peppermint;E3f5e1
Perano;A9bef2
Perfume;D0bef8
Periglacial Blue;E1e6d6
Periwinkle (Crayola);C3cde6
Periwinkle Gray;C3cde6
Periwinkle;Ccccff
Permanent Geranium Lake;E12c2c
Persian Blue;1c39bb
Persian Green;00a693
Persian Indigo;32127a
Persian Pink;F77fbe
Persian Plum;701c1c
Persian Red;Cc3333
Persian Rose;Fe28a2
Persian Blue;1c39bb
Persian Green;00a693
Persian Indigo;32127a
Persian Orange;D99058
Persian Pink;F77fbe
Persian Plum;701c1c
Persian Red;Cc3333
Persian Rose;Fe28a2
Persimmon;Ec5800
Persimmon;Ff6b53
Peru Tan;7f3a02
Pesto;7c7631
Petite Orchid;Db9690
Pewter Blue;8ba8b7
Pewter;96a8a1
Pharlap;A3807b
Phlox;Df00ff
Phthalo Blue;000f89
Phthalo Green;123524
Picasso;Fff39d
Pickled Bean;6e4826
Pickled Bluewood;314459
Picotee Blue;2e2787
Picton Blue;45b1e8
Pictorial Carmine;C30b4e
Pig Pink;Fdd7e4
Pigeon Post;Afbdd9
Piggy Pink;Fddde6
Pigment Indigo;4b0082
Pigment Green;00a550
Pine Cone;6d5e54
Pine Glade;C7cd90
Pine Green;01796f
Pine Tree;171f04
Pine Green;01796f
Pine Tree;2a2f23
Pink (Pantone);D74894
Pink Flamingo;Ff66ff
Pink Flare;E1c0c8
Pink Lace;Ffddf4
Pink Lady;Fff1d8
Pink Salmon;Ff91a4
Pink Sherbet;F78fa7
Pink Swan;Beb5b7
Pink Lace;Ffddf4
Pink Lavender;D8b2d1
Pink Lavender;Dbb2d1
Pink;Ffc0cb
Piper;C96323
Pipi;Fef4cc
Pippin;Ffe1df
Pirate Gold;Ba7f03
Pistachio;93c572
Pistachio;9dc209
Pixie Green;C0d8b6
Pizazz;Ff9000
Pizza;C99415
Plantation;27504b
Platinum;E5e4e2
Plum (Web);Dda0dd
Plum;843179
Plum;8e4585
Plump Purple;5946b2
Pohutukawa;8f021c
Polar;E5f9f6
Polished Pine;5da493
Polo Blue;8da8cc
Polynesian Blue;224c98
Pomegranate;F34723
Pomp And Power;86608e
Pompadour;660045
Poppy;Dc343b
Popstar;Be4f62
Porcelain;Eff2f3
Porsche;Eaae69
Port Gore;251f4f
Portafino;Ffffb4
Portage;8b9fee
Portica;F9e663
Portland Orange;Ff5a36
Pot Pourri;F5e7e2
Potters Clay;8c5738
Powder Ash;Bcc9c2
Powder Blue;B0e0e6
Powder Blue;9eb9d4
Powder Blue;B0e0e6
Prairie Sand;9a3820
Prelude;D0c0e5
Prim;F0e2ec
Primrose;Edea99
Princeton Orange;F58025
Princeton Orange;Ff8f00
Process Cyan;00b7eb
Process Yellow;Ffef00
Provincial Pink;Fef5f1
Prune;701c1c
Prussian Blue;003153
Psychedelic Purple;Df00ff
Puce;Cc8899
Pueblo;7d2c14
Puerto Rico;3fc1aa
Pullman Brown (Ups Brown);644117
Pumice;C2cac4
Pumpkin Skin;B1610b
Pumpkin;Ff7518
Punch;Dc4333
Punga;4d3d14
Purple (Munsell);9f00c5
Purple (X11);A020f0
Purple (Web);800080
Purple Heart;652dc1
Purple Mountain's Majesty;9678b6
Purple Pizzazz;Ff00cc
Purple Plum;9c51b6
Purple Mountain Majesty;9678b6
Purple Navy;4e5180
Purple Pizzazz;Fe4eda
Purple;660099
Purple;6a0dad
Purple;800080
Purpureus;9a4eae
Putty;E7cd8c
Quarter Pearl Lusta;Fffdf4
Quarter Spanish White;F7f2e1
Queen Blue;436b95
Queen Pink;E8ccd7
Quick Silver;A6a6a6
Quicksand;Bd978e
Quill Gray;D6d6d1
Quinacridone Magenta;8e3a59
Quincy;623f2d
Risd Blue;2454ff
Racing Green;0c1911
Radical Red;Ff355e
Raffia;Eadab8
Rainee;B9c8ac
Raisin Black;242124
Rajah;F7b668
Rajah;Fbab60
Rangitoto;2e3222
Rangoon Green;1c1e13
Raspberry Glacé;915f6d
Raspberry Rose;B3446c
Raspberry;E30b5c
Raspberry;E30b5d
Raven;727b89
Raw Sienna;D27d46
Raw Umber;734a12
Raw Sienna;D68a59
Raw Umber;826644
Raw Umber;926644
Razzle Dazzle Rose;Ff33cc
Razzmatazz;E30b5c
Razzmatazz;E3256b
Razzmic Berry;8d4e85
Rebecca Purple;663399
Rebel;3c1206
Red (Cmyk);Ed1b24
Red (Crayola);Ee204d
Red (Crayola);Ee204e
Red (Munsell);F2003c
Red (Ncs);C40233
Red (Ncs);C40234
Red (Pantone);Ed2839
Red (Pantone);Ed2939
Red (Ryb);Fe2712
Red (Pigment);Ed1c24
Red Beech;7b3801
Red Berry;8e0000
Red Brown;A52a2a
Red Damask;Da6a41
Red Devil;860111
Red Orange;Ff3f34
Red Oxide;6e0902
Red Ribbon;Ed0a3f
Red Robin;80341f
Red Salsa;Fd3a4a
Red Stage;D05f04
Red Violet;C71585
Red-Orange (Color Wheel);Ff4500
Red-Orange (Crayola);Ff681f
Red-Orange;Ff5349
Red-Purple;E40078
Red-Violet (Color Wheel);922b3e
Red-Violet (Crayola);C0448f
Red-Violet;C71585
Red;Ff0000
Redwood;5d1e0f
Redwood;A45a52
Redwood;Ab4e52
Reef Gold;9f821c
Reef;C9ffa2
Regal Blue;013f6a
Regent Gray;86949f
Regent St Blue;Aad6e6
Remy;Feebf3
Reno Sand;A86515
Reseda Green;6c7c59
Resolution Blue;002387
Revolver;2c1632
Rhino;2e3f62
Rhythm;777696
Rice Cake;Fffef0
Rice Flower;Eeffe2
Rich Gold;A85307
Rich Black (Fogra29);010b13
Rich Black (Fogra39);010203
Rich Black;004040
Rich Black;010b13
Rifle Green;444c38
Rio Grande;Bbd009
Ripe Lemon;F4d81c
Ripe Plum;410056
Riptide;8be6d8
River Bed;434c59
Rob Roy;Eac674
Robin Egg Blue;00cccc
Robin's Egg Blue;00cccc
Rock Blue;9eb1cd
Rock Spray;Ba450c
Rock;4d3833
Rocket Metallic;8a7f80
Rodeo Dust;C9b29b
Rojo Spanish Red;A91101
Rojo;E60026
Rolling Stone;747d83
Roman Coffee;795d4c
Roman Silver;838996
Roman;De6360
Romance;Fffefd
Romantic;Ffd2b7
Ronchi;Ecc54e
Roof Terracotta;A62f20
Rope;8e4d1e
Rose Bonbon;F9429e
Rose Bud Cherry;800b47
Rose Bud;Fbb2a3
Rose Dust;9e5e6f
Rose Fog;E7bcb4
Rose Pompadour;Ed7a9b
Rose White;Fff6f5
Rose Bonbon;F9429e
Rose Ebony;674846
Rose Madder;E32636
Rose Of Sharon;Bf5500
Rose Pink;Ff66cc
Rose Quartz;Aa98a9
Rose Red;C21e56
Rose Taupe;905d5d
Rose Vale;Ab4e52
Rose;Ff007f
Rose;Ff0080
Rosewood;65000b
Rosso Corsa;D40000
Rosy Brown;Bc8f8f
Roti;C6a84b
Rouge;A23b6c
Royal Blue (Web Color);4169e1
Royal Blue;4169e1
Royal Heath;Ab3472
Royal Purple;6b3fa0
Royal Blue (Dark);002366
Royal Blue (Light);4169e1
Royal Blue (Traditional);002366
Royal Purple;7851a9
Royal Yellow;Fada5e
Ruber;Ce4676
Rubine Red;D10056
Ruby Red;9b111e
Ruby;E0115f
Ruddy Blue;76abdf
Rufous;A81c07
Rum Swizzle;F9f8e4
Rum;796989
Russet;80461b
Russett;755a57
Russian Green;679267
Russian Violet;32174d
Rust;B7410e
Rustic Red;480404
Rusty Nail;86560a
Rusty Red;Da2c43
Sgbus Green;55dd33
Sacramento State Green;043927
Saddle Brown;583401
Saddle Brown;8b4513
Saddle;4c3024
Safety Orange (Blaze Orange);Ff6700
Safety Orange;Ff7800
Safety Orange;Ff7900
Safety Yellow;Eed202
Saffron Mango;F9bf58
Saffron;F4c430
Saffron;F4c431
Sage;9ea587
Sage;Bcb88a
Sahara Sand;F1e788
Sahara;B7a214
Sail;B8e0f9
Salem;097f4b
Salmon Pink;Ff91a4
Salmon;Fa8072
Salmon;Ff8c69
Salomie;Fedb8d
Salt Box;685e6e
Saltpan;F1f7f2
Sambuca;3a2010
San Felix;0b6207
San Juan;304b6a
San Marino;456cac
Sand Dune;826f65
Sand Dune;967117
Sand;C2b280
Sandal;Aa8d6f
Sandrift;Ab917a
Sandstone;796d62
Sandwisp;F5e7a2
Sandy Beach;Ffeac8
Sandy Brown;F4a460
Sangria;92000a
Sanguine Brown;8d3d38
Santa Fe;B16d52
Santas Gray;9fa0b1
Sap Green;507d2a
Sapling;Ded4a4
Sapphire (Crayola);2d5da1
Sapphire Blue;0067a5
Sapphire;0f52ba
Sapphire;2f519e
Saratoga;555b10
Satin Linen;E6e4d4
Satin Sheen Gold;Cba135
Sauvignon;Fff5f3
Savoy Blue;4b61d1
Sazerac;Fff4e0
Scampi;675fa6
Scandal;Cffaf4
Scarlet Gum;431560
Scarlet;Ff2400
Scarlett;950015
Scarpa Flow;585562
Schauss Pink;Ff91af
Schist;A9b497
School Bus Yellow;Ffd800
Schooner;8b847e
Science Blue;0066cc
Scooter;2ebfd4
Scorpion;695f62
Scotch Mist;Fffbdc
Screamin' Green;66ff66
Screamin' Green;76ff7a
Sea Buckthorn;Fba129
Sea Green;2e8b57
Sea Mist;C5dbca
Sea Nymph;78a39c
Sea Pink;Ed989e
Sea Green (Crayola);00ffcd
Sea Green;2e8b57
Seagull;80ccea
Seal Brown;59260b
Seance;612086
Seance;731e8f
Seasalt;F7f7f7
Seashell Peach;Fff5ee
Seashell;F1f1f1
Seashell;Fff5ee
Seaweed;1b2f11
Secret;764374
Selago;F0eefd
Selective Yellow;Ffba00
Sepia Black;2b0202
Sepia Skin;9e5b40
Sepia;704214
Serenade;Fff4e8
Shadow Green;9ac2b8
Shadow Blue;778ba5
Shadow;837050
Shadow;8a795d
Shady Lady;Aaa5a9
Shakespeare;4eabd1
Shalimar;Fbffba
Shamrock Green;009e60
Shamrock;33cc99
Shark;25272c
Sheen Green;8fd400
Sherpa Blue;004950
Sherwood Green;02402c
Shilo;E8b9b3
Shimmering Blush;D98695
Shingle Fawn;6b4e31
Shiny Shamrock;5fa778
Ship Cove;788bba
Ship Gray;3e3a44
Shiraz;B20931
Shocking Pink;Fc0fc0
Shocking Pink (Crayola);Ff6fff
Shocking Pink;Fc0fc0
Shocking;E292c0
Shuttle Gray;5f6672
Siam;646a54
Sidecar;F3e7bb
Sienna;882d17
Silk;Bdb1a8
Silver (Crayola);C9c0bb
Silver (Metallic);Aaa9ad
Silver Chalice;Acacac
Silver Lake Blue;5d89ba
Silver Rust;C9c0bb
Silver Sand;Bfc1c2
Silver Tree;66b58f
Silver Chalice;Acacac
Silver Pink;C4aead
Silver Sand;Bfc1c2
Silver;C0c0c0
Sinbad;9fd7d3
Sinopia;Cb410b
Siren;7a013a
Sirocco;718080
Sisal;D3cbba
Sizzling Red;Ff3855
Sizzling Sunrise;Ffdb00
Skeptic;Cae6da
Skobeloff;007474
Skobeloff;007a74
Sky Blue;76d7ea
Sky Blue (Crayola);76d7ea
Sky Blue;87ceeb
Sky Magenta;Cf71af
Slate Gray;708090
Slate Blue;6a5acd
Slate Gray;708090
Slimy Green;299617
Smalt Blue;51808f
Smalt;003399
Smitten;C84186
Smoky Black;100c08
Smoky;605b73
Snow Drift;F7faf7
Snow Flurry;E4ffd1
Snow;Fffafa
Snowy Mint;D6ffdb
Snuff;E2d8ed
Soapstone;Fffbf9
Soft Amber;D1c6b4
Soft Peach;F5edef
Solid Pink;893843
Solitaire;Fef8e2
Solitude;Eaf6ff
Sonic Silver;757575
Sorbus;Fd7c07
Sorrell Brown;Ceb98f
Soya Bean;6a6051
Space Cadet;1d2951
Space Cadet;1e2952
Spanish Green;819885
Spanish Bistre;807532
Spanish Blue;0070b8
Spanish Carmine;D10047
Spanish Gray;989898
Spanish Green;009150
Spanish Orange;E86100
Spanish Pink;F7bfbe
Spanish Red;E60026
Spanish Sky Blue;00fffe
Spanish Violet;4c2882
Spanish Viridian;007f5c
Spectra;2f5a57
Spice;6a442e
Spicy Mix;885342
Spicy Mustard;74640d
Spicy Pink;816e71
Spindle;B6d1ea
Spray;79deec
Spring Frost;87ff2a
Spring Green;00ff7f
Spring Leaves;578363
Spring Rain;Accbb1
Spring Sun;F6ffdc
Spring Wood;F8f6f1
Spring Bud;A7fc00
Spring Green (Crayola);Ecebbd
Spring Green;00ff7f
Sprout;C1d7b0
Spun Pearl;Aaabb7
Squirrel;8f8176
St Tropaz;2d569b
St. Patrick's Blue;23297a
Stack;8a8f8a
Star Dust;9f9f9c
Star Command Blue;007bb8
Stark White;E5d7bd
Starship;Ecf245
Steel Blue;4682b4
Steel Gray;262335
Steel Blue;4682b4
Steel Pink;Cc33cc
Stil De Grain Yellow;Fada5e
Stiletto;9c3336
Stonewall;928573
Storm Dust;646463
Storm Gray;717486
Stratos;000741
Straw;D4bf8d
Straw;E4d96f
Strawberry Blonde;Ff9361
Strawberry;Fa5053
Strikemaster;956387
Stromboli;325d52
Strong Lime Green;33cc33
Studio;714ab2
Submarine;Bac7c9
Sugar Cane;F9fff6
Sugar Plum;914e75
Sulu;C1f07c
Summer Green;96bbab
Sun;Fbac13
Sundance;C9b35b
Sundown;Ffb1b3
Sunflower;E4d422
Sunglo;E16865
Sunglow;Ffcc33
Sunray;E3ab57
Sunset Orange;Fe4c40
Sunset;Fad6a5
Sunshade;Ff9e2c
Super Pink;Cf6ba9
Supernova;Ffc901
Surf Crest;Cfe5d2
Surf;Bbd7c1
Surfie Green;0c7a79
Sushi;87ab39
Suva Gray;888387
Swamp Green;Acb78e
Swamp;001b1c
Swans Down;Dcf0ea
Sweet Brown;A83731
Sweet Corn;Fbea8c
Sweet Pink;Fd9fa2
Swirl;D3cdc5
Swiss Coffee;Ddd6d5
Sycamore;908d39
Syracuse Orange;D44500
Syracuse Red Orange;D44500
Tabasco;A02712
Tacao;Edb381
Tacha;D6c562
Tahiti Gold;E97c07
Tahuna Sands;Eef0c8
Tall Poppy;B32d29
Tallow;A8a589
Tamarillo;991613
Tamarind;341515
Tan (Crayola);D99a6c
Tan Hide;Fa9d5a
Tan;D2b48c
Tana;D9dcc1
Tang Blue;0059cf
Tangaroa;03163c
Tangelo;F94d00
Tangerine;F28500
Tango Pink;E4717a
Tango;Ed7a1c
Tapa;7b7874
Tapestry;B05e81
Tara;E1f6e8
Tarawera;073a50
Tart Orange;Fb4d46
Tasman;Cfdccf
Taupe Gray;B3af95
Taupe Gray;8b8589
Taupe;483c32
Tawny Port;692545
Tawny;Cd5700
Te Papa Green;1e433c
Tea Green;D0f0c0
Tea Rose (Red);F4c2c2
Tea Rose;F4c2c2
Tea;C1bab0
Teak;B19461
Teal Blue;044259
Teal Blue;367588
Teal;008080
Tekhelet;512888
Telemagenta;Cf3476
Temptress;3b000b
Tenn;Cd5700
Tenné (Tawny);Cd5700
Tequila;Ffe6c7
Terra Cotta;E2725b
Terracotta;E2725b
Texas Rose;Ffb555
Texas;F8f99c
Thatch Green;403d19
Thatch;B69d98
Thistle Green;Cccaa8
Thistle;D8bfd8
Thulian Pink;De6fa1
Thunder;33292f
Thunderbird;C02b18
Tia Maria;C1440e
Tiara;C3d1d1
Tiber;063537
Tickle Me Pink;Fc80a5
Tickle Me Pink;Fc89ac
Tidal;F1ffad
Tide;Bfb8b0
Tiffany Blue;0abab5
Tiffany Blue;81d8d0
Tiger’S Eye;B56917
Timber Green;16322c
Timberwolf;D9d6cf
Timberwolf;Dbd7d2
Titan White;F0eeff
Titanium Yellow;Eee600
Toast;9a6e61
Tobacco Brown;715d47
Toledo;3a0020
Tolopea;1b0245
Tom Thumb;3f583b
Tomato;Ff6347
Tonys Pink;E79f8c
Topaz;7c778a
Torch Red;Fd0e35
Torea Bay;0f2d9e
Tory Blue;1450aa
Tosca;8d3f3f
Totem Pole;991b07
Tourmaline;86a1a9
Tower Gray;A9bdbf
Tradewind;5fb3ac
Tranquil;E6ffff
Travertine;Fffde8
Tree Poppy;Fc9c1d
Treehouse;3b2820
Trendy Green;7c881a
Trendy Pink;8c6495
Trinidad;E64e03
Tropical Blue;C3ddf9
Tropical Rain Forest;00755e
Tropical Indigo;9683ec
Tropical Rainforest;00755e
Trout;4a4e5a
True Blue;2d68c4
True V;8a73d6
Trypan Blue;1c05b3
Tuatara;363534
Tuft Bush;Ffddcd
Tufts Blue;3e8ede
Tulip Tree;Eab33b
Tumbleweed;Dea681
Tumbleweed;Deaa88
Tuna;353542
Tundora;4a4244
Turbo;Fae600
Turkey Red;A91101
Turkish Rose;B57281
Turmeric;Cabb48
Turquoise Blue;6cdae7
Turquoise Blue;00ffef
Turquoise Green;A0d6b4
Turquoise;30d5c8
Turquoise;40e0d0
Turtle Green;2a380b
Turtle Green;8a9a5b
Tuscan Brown;6f4e37
Tuscan Red;7c4848
Tuscan Tan;A67b5b
Tuscan;Fad6a5
Tuscany;Bd5e2e
Tuscany;C09999
Tusk;Eef3c3
Tussock;C5994b
Tutu;Fff1f9
Twilight Blue;Eefdff
Twilight Lavender;8a496b
Twilight;E4cfde
Twine;C2955d
Tyrian Purple;66023c
Ua Blue;0033aa
Ua Red;D9004c
Ucla Blue;2774ae
Up Forest Green;014421
Up Maroon;7b1113
Usafa Blue;004f98
Ut Orange;Ff8200
Ultra Violet;645394
Ultra Pink;Ff6fff
Ultra Red;Fc6c85
Ultramarine Blue;4166f5
Ultramarine;120a8f
Ultramarine;3f00ff
Umber;635147
Unbleached Silk;Ffddca
United Nations Blue;4b92db
United Nations Blue;5b92e5
University Of Pennsylvania Red;A50021
Unmellow Yellow;Ffff66
Upsdell Red;Ae2029
Uranian Blue;Afdbf5
Valencia;D84437
Valentino;350e42
Valhalla;2b194f
Van Cleef;49170c
Van Dyke Brown;664228
Van Dyke;44362f
Vanilla Ice;F3d9df
Vanilla Ice;F38fa9
Vanilla;D1bea8
Vanilla;F3e5ab
Varden;Fff6df
Vegas Gold;C5b358
Venetian Red;72010f
Venetian Red;C80815
Venice Blue;055989
Venus;928590
Verdigris;43b3ae
Verdigris;5d5e37
Verdun Green;495400
Vermilion;D9381e
Vermilion;E34234
Vermilion;Ff4d00
Veronica;A020f0
Vesuvius;B14a0b
Victoria;534491
Vida Loca;549019
Viking;64ccdb
Vin Rouge;983d61
Viola;Cb8fa9
Violent Violet;290c5e
Violet (Ryb);8601af
Violet (Color Wheel);7f00ff
Violet (Crayola);963d7f
Violet (Web Color);Ee82ee
Violet (Web);Ee82ee
Violet Blue;324ab2
Violet Eggplant;991199
Violet Red;F7468a
Violet-Blue (Crayola);766ec8
Violet-Blue;324ab2
Violet-Red(Perbang);F0599c
Violet-Red;F75394
Violet;240a40
Violet;8000ff
Violet;8f00ff
Viridian Green;678975
Viridian Green;009698
Viridian;40826d
Vis Vis;Ffefa1
Vista Blue;7c9ed9
Vista Blue;8fd6b4
Vista White;Fcf8f7
Vivid Tangerine;Ff9980
Vivid Violet;803790
Vivid Burgundy;9f1d35
Vivid Sky Blue;00ccff
Vivid Tangerine;Ffa089
Vivid Violet;9f00ff
Volt;Ceff00
Voodoo;533455
Vulcan;10121d
Wafer;Decbc6
Waikawa Gray;5a6e9c
Waiouru;363c0d
Walnut Brown;5c5248
Walnut;773f1a
Warm Black;004242
Wasabi;788a25
Water Leaf;A1e9de
Watercourse;056f57
Waterloo ;7b7c94
Wattle;Dcd747
Watusi;Ffddcf
Wax Flower;Ffc0a8
We Peep;F7dbe6
Web Orange;Ffa500
Wedgewood;4e7f9e
Weezy Blue;189bcc
Well Read;B43332
Wenge;645452
West Coast;625119
West Side;Ff910f
Westar;Dcd9d2
Wewak;F19bab
Wheat;F5deb3
Wheatfield;F3edcf
Whiskey;D59a6f
Whisper;F7f5fa
White Ice;Ddf9f1
White Lilac;F8f7fc
White Linen;F8f0e8
White Pointer;Fef8ff
White Rock;Eae8d4
White Smoke;F5f5f5
White;Ffffff
Wild Blue Yonder;7a89b8
Wild Rice;Ece090
Wild Sand;F4f4f4
Wild Strawberry;Ff3399
Wild Strawberry;Ff43a4
Wild Watermelon;Fd5b78
Wild Willow;B9c46a
Wild Blue Yonder;A2add0
Wild Orchid;D470a2
Wild Watermelon;Fc6c85
William;3a686c
Willow Brook;Dfecda
Willow Grove;65745d
Windsor Tan;A75502
Windsor;3c0878
Wine Berry;591d35
Wine Dregs;673147
Wine;722f37
Winter Hazel;D5d195
Winter Sky;Ff007c
Wintergreen Dream;56887d
Wisp Pink;Fef4f8
Wisteria;9771b5
Wisteria;C9a0dc
Wistful;A4a6d3
Witch Haze;Fffc99
Wood Bark;261105
Wood Brown;C19a6b
Woodland;4d5328
Woodrush;302a0f
Woodsmoke;0c0d0f
Woody Brown;483131
Xanadu;738678
Xanthic;Eeed09
Xanthous;F1b42f
Yinmn Blue;2e5090
Yale Blue;00356b
Yellow (Crayola);Fce883
Yellow (Munsell);Efcc00
Yellow (Ncs);Ffd300
Yellow (Pantone);Fedf00
Yellow (Ryb);Fefe33
Yellow (Process);Ffef00
Yellow Green;9acd32
Yellow Green;C5e17a
Yellow Metal;716338
Yellow Orange (Color Wheel);Ff9505
Yellow Orange;Ffae42
Yellow Sea;Fea904
Yellow Sunshine;Fff700
Yellow-Green (Color Wheel);30b21a
Yellow-Green (Crayola);C5e384
Yellow-Green;9acd32
Yellow;Ffff00
Your Pink;Ffc3c0
Yukon Gold;7b6608
Yuma;Cec291
Zaffre;0014a8
Zambezi;685558
Zanah;Daecd6
Zest;E5841b
Zeus;292319
Ziggurat;Bfdbe2
Zinnwaldite;Ebc2af
Zircon;F4f8ff
Zombie;E4d69b
Zomp;39a78d
Zomp;39a78e
Zorba;A59b91
Zuccini;044022
Zumthor;Edf6ff