Absinthe turquoise;208568
Acacia green;4C6248
Accent green blue;46816D
Accent orange;D27610
Acid green;7FBA71
Action green;224E4F
Active green;47A185
Active turquoise;0C6875
Adamite green;4F8364
Adonis rose yellow;E1C658
Advertisement green;CED15B
Advertising blue;3676A7
Advertising green;669E7D
Agate brown;8C6C60
Agate grey;ADB0A9
Agate violet;5B5872
Air blue;C3D4E2
Airline green;879A42
Alabaster green;D8E8D7
Alabaster white;D9D2BC
Alexandrite green;747858
Algae green;657E51
Algae red;8B3D51
Alhambra green;45A26F
Almond beige;D8D2C6
Almond blossom pink;DACFCE
Almond cream;D9CCC7
Almond green;595E4F
Aloe vera green;7F9D4A
Alpine berry yellow;F1E4BB
Alpine blue;4593C4
Alpine duck grey;42474E
Alpine lake green;526145
Alpine morning blue;ADC7D7
Alsike clover red;A4565E
Altdorf sky blue;4F99AD
Amaranth blossom;722432
Amaranth red;6E546E
Amazon green;424A49
Ambassador blue;202D59
Amber brown;8D7337
Amber grey;C0A48E
American green;7DB897
Amethyst dark violet;4D3D52
Amethyst grey violet;98869E
Amethyst grey;8F7CBE
Amethyst light violet;CCBECF
Ametrine quartz;DACBDD
Amorphous rose;AEA4B5
Andean opal green;B3C9C6
Andean slate;94B09F
Anemone white;F3EDE2
Angel blue;9CA8CE
Angel hair silver;CED0D7
Anise grey yellow;ADAB98
Aniseed leaf green;90B589
Ant red;A1604B
Antarctic blue;CFE6E6
Anthracite blue;42455E
Anthracite grey;3B4044
Anthracite red;6A2B3B
Antique brass;C6A953
Antique gold;8F6F34
Antique green;5A5F3F
Antique grey;66556B
Antique hot pink;A87A9A
Antique pink;B77674
Antique pink;BC6F72
Antique red;745152
Antique turquoise;1C4C51
Antique viola;9087A3
Antique white;EADEDA
Apatite blue;4D7E7D
Apatite pink;E6DFE5
Apple green;8DBA6C
Apple herb black;4A4449
Apricot brown;B77F59
Apricot cream;F4DDC6
Apricot orange;EDBA82
Apricot red;D7957C
Apricot yellow;E9C383
April green;A6B16C
Aqua blue;87B1BB
Aqua green;CBDEA3
Aquamarine blue;5B9AA0
Arable brown;705A33
Aragonite blue;748EAF
Aragonite grey;918C94
Aragonite white;BDC6C3
Arame seaweed green;41483B
Architecture blue;7890A4
Architecture grey;696969
Arctic blue;539AA5
Arctic green;6DB5B5
Arctic lichen green;6F7772
Arctic white;E2EEEA
Arnica yellow;D2A600
Aroma blue;A3CDD6
Arrowhead white;F3E6E9
Art Nouveau green;969640
Art Nouveau pink;946273
Art Nouveau violet;9A8892
Art deco red;5C3945
Art nouveau turquoise;6F979C
Artichoke green;7F7E24
Artist blue;1A343E
Ash blue;7E9296
Ash brown;635B58
Ash gold;837356
Ash grey;8C8D8D
Ash mauve;727184
Ash pink;958D90
Ash yellow;E3C380
Asparagus white;CCD5CD
Asparagus yellow;D4CA93
Aster flower blue;9EA4D3
Aster violetta;895C95
Atlantic blue;107D9A
Atlas cedar green;687870
Atlas red;79143B
Atlas white;E9E4CF
Atmospheric soft blue;B3D8EE
Aubergine green;837838
Aubergine grey;685860
Aubergine mauve;3D2742
Aurora grey;CEC3C2
Aurora magenta;8B3D5C
Autumn apple yellow;C1AB51
Autumn gold;755823
Autumn leaf brown;715C1B
Autumn leaf orange;BD8209
Autumn leaf red;5B3C38
Autumn red;8A4924
Autumn yellow;D6A209
Avocado cream;BFCBA7
Avocado dark green;404A2E
Azores blue;2779A8
Azure blue;365875
Azure green blue;1C6482
Azurite water green;567D75
Baby blue;B0C8DD
Baby pink;DD8E9D
Balloon green;57A549
Baltic blue;749399
Baltic green;5E9A9A
Baltic turquoise;489C9E
Bamboo beige;B5A79C
Bamboo brown;B68804
Bamboo grass green;839A58
Bamboo yellow;A38E4F
Banana green;B5AE65
Banana ice cream;E6D4AE
Barbados beige;B2AA85
Barberry yellow;E5C645
Bark brown;6B5930
Bark green;4D4829
Baroness mauve;806A94
Baroque chalk soft blue;B3CACB
Baroque grey;5E5C64
Baroque red;734F5C
Basalt black;4B4441
Basalt grey;595E60
Basil green;546438
Basil mauve;685270
Basilica blue;6499A6
Bath green;36666B
Bath salt green;BDD8D4
Bath turquoise;79B7AA
Batik lilac;7C6F89
Batik pink;92637B
Bauhaus blue;335A90
Bavarian green;2A3927
Beach blue;6E97A1
Beach lilac;B99DC1
Bean green;635F31
Bean white;E7ECE2
Beech brown;53452E
Begonia rusty rose;B5797C
Beige brown;6F543C
Beige green;DAD8B0
Beige grey;716C60
Beige red;B7856E
Beige;C6B286
Beijing blue;5574A7
Bellflower violet;AEA1B4
Berlin blue;3A475C
Bermuda blue;93ACC1
Berry blue green;334A57
Berry blue;435D79
Beryl black green;2F3532
Beryl red;97617D
Biedermeier blue;5D759E
Birch leaf green;638131
Bird blue grey;818E9E
Bird blue;7E8F9C
Biscuit beige;DBC2A5
Biscuit cream;EBCBB2
Bishop red;B86FA1
Bitter clover green;7A958A
Bitter orange;C27E32
Bitter violet;82689A
Black Forest blue;34465A
Black Forest green;444944
Black blue;1E222C
Black brown;201F20
Black green;2F3B39
Black grey;323537
Black olive;3C3F38
Black pine green;416450
Black red;3D2326
Black violet;2F2D42
Blackberry black;312A47
Blackberry cream;D4CED6
Blackberry deep red;5D3552
Blackberry leaf green;5B7D70
Blackberry sorbet;A477B0
Blackboard green;334C47
Blackthorn blue;515F6B
Blackthorn green;789B6F
Bleached white;DEE0E8
Blood red;742529
Blossom mauve;A4A1C9
Blossom white;F1E4E1
Blossom yellow;D8CA82
Blouson blue;7EB0C5
Blue anthracite;565E64
Blue green;214245
Blue grey;5D676D
Blue lilac;746395
Blue pink;B29EC1
Blue-black;2F343A
Blueberry soft blue;708EC0
Bluish grey;8F9289
Blunt violet;866B78
Bonbon red;814264
Bonbon rose;DEB7CF
Bordeaux red;682A4C
Bottle green;2E3526
Boulder brown;635F51
Bouncy ball green;60A36C
Bournonite green;677973
Boxwood yellow;EAE6A9
Boy blue;94A4D3
Brass yellow;A88E3C
Brazilian brown;755735
Brazilian green;3B6F31
Brick brown;804D48
Brick red;854532
Brick yellow;C5A764
Brickwork red;8D686F
Bright green;A6D3AE
Bright red orange;D66C21
Bright red;932E40
Brillant blue;466589
Brilliant blue;678DC8
Brilliant carmine;A34D89
Brilliant green;8AB936
Brilliant turquoise;359F91
Brilliant white;DAE3E5
Brilliant yellow;E5E4D7
Briquette grey;505151
British grey mauve;7A6E7E
British mauve;3C3D77
Brocade blue;6E7586
Brocade violet;754B69
Broccoli green;605F41
Brochantite green;4F6162
Bronze blue;3F4756
Bronze green;B7B12E
Broom butterfly blue;80A9D9
Broom yellow;CFA81E
Brown beige;A38454
Brown green;333327
Brown grey;545146
Brown magenta;732139
Brown red;6E2124
Brussels sprout green;5E641D
Buckwheat mauve;B3A1AE
Bud green;BEAE41
Budapest brown;51403F
Burgundy grey;D2DAA0
Burgundy;4F1A23
Burlap grey;7D6F7D
Burlat red;65324C
Butter white;F5E2BD
Buttercup yellow;D9C6A2
Butterfly blue;6F88C8
Butterfly green;366566
Byzantine blue;186670
Cabbage blossom violet;6D4977
Cabbage green;7C7759
Cactus green;576044
Cadet blue;485B7A
Cadet grey;68787F
Cake frosting;F2DAE0
Calcite blue;99AFB0
Calcite grey green;555F60
Calypso red;CD6B65
Camel brown;986C3D
Camel red;CD763E
Camellia pink;C06F97
Camouflage green;898F89
Camouflage olive;9B9060
Candle yellow;D1A16F
Caper green;7E7848
Capercaillie mauve;766E89
Capri blue;265682
Capri fashion pink;A47F99
Capri water blue;B2DBD5
Captain blue;0B4872
Caput mortuum grey red;6A595B
Caramel brown;A28671
Caraway brown;675B40
Card table green;1E5035
Cardamom green;93925E
Cardinal mauve;30284B
Cardinal red;8F355A
Caribbean blue;78ABD5
Caribbean green;439F91
Caribbean turquoise;407F87
Carmine red;8D1F24
Carnation pink;EEC7CE
Carriage green;334C4B
Carriage yellow;EFBF5D
Carrier pigeon blue;879097
Carrot orange;D16C31
Cassiterite brown;5B4125
Casual blue;597B8F
Catkin yellow;C0AF29
Caviar black;4E413A
Cedar red;B3806D
Celery green;52855C
Celery white;D6D5CA
Celeste blue;4A6073
Cement greige;B0AAA2
Cement grey;7C8273
Ceramic blue turquoise;549B9C
Ceramic green;90B29D
Ceremonial purple;2E2653
Chagall green;2A8769
Chalcedony green;4F6059
Chalcedony violet;6B68A9
Chalk beige;D0C6B3
Chalk blue;96AAC2
Chalk green;D1D4CA
Chalk violet;948998
Chalk yellow;F7E2BE
Chalky blue white;D1E5EF
Chamois yellow;8D7524
Champagne beige;CEC4A0
Champagne rose;DBD3C9
Charoite violet;68537B
Cheddar pink mauve;AF76AA
Cheek red;AD779E
Cherry black;3F272C
Cherry blossom pink;D594A0
Cherry juice red;642F44
Cherry red;7F3C6D
Chestnut brown;57332B
Chestnut brown;7B4E3E
Chestnut green;32532A
Chestnut red;633640
Chestnut white;E7EEE4
Chewing gum pink;D78EB1
Chicory green;B4AD79
Childrens soft blue;A9C9D5
Chili green;847545
Chilli black red;472136
Chilly white;E3EEEA
China blue;3D7C8E
China cinnamon;827456
China clay yellow;F4E2A9
China green blue;466269
China light green;BEC7C6
China red;A03326
Chinchilla grey;7A756D
Chinese tea green;A9AC99
Chlorophyll green;97B821
Chocolate brown;42332E
Christmas green;358175
Chrome green;3B4634
Chrysocolla dark green;224F40
Chrysocolla medium green;25665D
Chrysopal light green;93B0A4
Church blue;413F60
Cider pear green;889372
Cider yellow;DED5AD
Cinnamon brown;917224
Claret violet;5F1837
Clay brown;74502F
Clay ochre;A38E5F
Clay red;99635C
Cleanroom White;F2F1E1
Clear blue;4A92C7
Clear mauve;7663AB
Clear turquoise;1B8386
Clematis blue;5B4B8E
Clematis green;99B861
Clichy white;F1E6EB
Clinical soft blue;B6CBD2
Clinker red;5F3445
Clove yellow brown;4F4428
Clover green;326B4C
Clover pink;C695BF
Clown green;BED561
Club grey;474058
Club mauve;7B406C
Coach green;1A372E
Cobalt blue;212F51
Cockscomb red;B05074
Cocktail blue;63739E
Cocktail green;90BC44
Coelin blue;577792
Coffee bean brown;6E5A42
Coffee brown;593D32
Cognac brown;AC8A64
Cold air turquoise;C2D9D8
Cold blue;11647A
Cold front green;8FAFB2
Cold green;3C8A4D
Cold pink;B6A3AB
Cold soft blue;D9E5E6
Cold turquoise;ACCCCA
Colibri blue;21407A
Colombo red mauve;B273AE
Column of oak green;1B6D43
Colza yellow;E5C000
Concealed green;2D3535
Concrete grey;7D7F76
Cone green blue;505F69
Contrasting yellow;E3CD07
Cool white;DAE4E2
Coolbox ice turquoise;65989E
Copenhagen blue;3D5C89
Copper brown;814D37
Copper mineral green;4E7E76
Copper pink;8C6775
Copper pyrite green;404B3D
Copper red;96341E
Copper roof green;76958F
Copper-metal red;9C6543
Coral blue;1C4D5F
Coral green;B0DDCF
Coral orange;D26C4D
Coral pink;CA97AF
Coral red;963D2F
Coriander ochre;7A7764
Cornflower blue;4F6FB6
Cornmeal beige;E1D3C1
Coronation blue;5B4A96
Corrosion red;6D3425
Corundum blue;4F6066
Corundum red;8C677A
Cosmetic mauve;CFB9D3
Cosmetic red;9A5F75
Cosmos blue;17304B
Costume blue;69709D
Cotton indigo;356376
Cotton white;E2E2D7
Country house green;424739
Courgette yellow;CBAA40
Craftsman blue;407A93
Cranach blue;4A7D89
Cranberry blue;7B8EAF
Cranberry red;75544F
Cream violet;A7A5BA
Cream white;EEEBE0
Cream yellow;EFE5BC
Cream;E5E1D4
Crepe silk white;ECEBE1
Crimson red;722B2C
Crimson;9F5A7C
Crocodile green;B2AC8A
Crow black blue;212E4C
Crow black;2D3146
Crowberry blue;18334A
Crystal blue;A7C9E5
Crystal dark red;653035
Crystal glass green;B4DDCB
Crystal green;A9D684
Crystal pink;8B6789
Crystal purple;523968
Crystal salt white;D9E3DD
Crystal yellow;DCD89F
Cucumber green;4C6356
Culinary blue;89B1C0
Cumin ochre;926F04
Cura√ßao blue;207E96
Currant violet;523F51
Curry brown;775239
Curry;998420
Customs green;0A373E
Cyan blue;0E6487
Cyclamen red;863F65
Cyclamen red;9E5388
Cyclamen;826A88
Cypress green;98915D
Cypress grey blue;6C7484
Cyprus green;719889
Daffodil yellow;D49300
Dahlia matte red;704F65
Dahlia yellow;E4A02D
Damson mauve;553560
Dandelion yellow;E6C52E
Danube blue;5A99AA
Dark blackberry;503956
Dark blond;9C8D6F
Dark blue;384463
Dark denim blue;112E50
Dark fig violet;533C4C
Dark green;334C42
Dark grey mauve;4E4359
Dark grey;5C5C5C
Dark lavender;565A73
Dark mahogany;44242B
Dark olive green;46483A
Dark pine green;253536
Dark pink;635B6B
Dark purple grey;6A5669
Dark purple;3C2445
Dark red brown;452629
Dark rose;7D4863
Dark teal;0C6A6D
Dark turquoise;5E7B7A
Dark yellow;DCC58F
Darkness green;3F4848
Date fruit brown;A06932
Deadnettle white;CED6CD
Dechant pear yellow;C9A565
Decor yellow;E6C526
Deep Atlantic blue;1E4C59
Deep bamboo yellow;CBA655
Deep blue;344171
Deep brown;352E2E
Deep green;25342F
Deep lavender;59567B
Deep magenta;725071
Deep orange;CF7421
Deep red;5F3052
Deep sea blue;364A5B
Deep sea grey;869092
Deep violet;463A71
Delaunay green;A7B55E
Delft blue;677396
Delicacy white;E9E0E4
Delicate green;96ADA8
Delicate rose;F1DFD3
Delicate sweet apricot;F0CAB9
Delicate viola;D2CFD6
Delicate violet;8B88A5
Delphinium blue;7B8CB9
Denim blue;405F78
Dentist green;A1D597
Desert red;A8837E
Designer cream yellow;EAE6BD
Designer pink;DCB8D5
Dessert cream;F1E6CF
Device green;256954
Dew green;98B194
Diamond black;303241
Diamond grey;41484D
Diamond soft blue;BFD3EA
Diamond yellow;C2AA64
Dianthus mauve;876A86
Dill green;B0AE58
Diopside blue;848D9E
Dioptase green;5E9B8F
Dirt yellow;887436
Dirty blue;3B4954
Distant blue;4D648A
Diva violet;5E6DB6
Dolomite red;B97396
Dolphin blue;ADCDD2
Dough yellow;E9CFB2
Douglas fir green;769784
Doves blue;647694
Doves grey;5C5C54
Dream green;4C816E
Dress pink;EFE6ED
Dried flower purple;6C224D
Drop green;7ABF68
Dry clay;AC630F
Dubuffet green;6E7768
Duchamp light green;CDD7C4
Dull apricot;C59B95
Dull dusky pink;886C71
Dull light yellow;DDD7B3
Dull magenta;824955
Dull mauve;7A7183
Dull olive;787466
Dull turquoise;5D7B75
Dusk blue;3D636C
Dusk green;6F7877
Dusk grey;78756D
Dusk mauve;575380
Dusky alpine blue;3F6468
Dust green;C3C6BD
Dusty grey;797B7B
Dusty yellow;AEAA98
Dynamic yellow;F6E979
Earth black;49453E
Earth brown violet;6B5363
Earth green;565F5D
Earth red;816F6C
Easter green;C3D274
Ecru ochre;988B7F
Effervescent blue;132C5B
Eggshell white;E9DED5
Egyptian green;437F7F
Egyptian white;E3ECEA
Elderberry black;27333D
Elderberry grey;ABA5AE
Elderberry white;E7E4CF
Elegant light rose;F1C7C6
Elite blue;252F53
Elm brown red;A36217
Ember red;712444
Emerald clear green;58823B
Emerald green;40693A
Emerald green;77B89F
Emerald light green;4C9F70
Emperor cherry red;9F2833
Empire violet;8C5D9B
Enamel antique green;537B85
Enamel blue;435C83
Enamel green;BACCAB
Energy green;4FA25E
English green;5A5C55
English red;AD5840
English violet;4F3C62
Environmental green;1C6A54
Eucalyptus green;39665E
Europe blue;155B95
Evening blue;4E578A
Evening crimson;876A74
Evening mauve;483D65
Evening pink;A08497
Exclusive green;3D4A42
Expressionism green;70B99E
Eye blue;9BABB8
Eye grey;677A7C
Eyeshadow blue;778BC2
Eyeshadow turquoise;308184
Eyeshadow viola;ABA1BF
Faience green;797B36
Faint green;9C8F3A
Fairy pink;D4D1D8
Fairy white;D8CED4
Fairytale blue;5E91BC
Fantasy grey;868D9F
Fashion blue;2D6667
Fashion green;B3D579
Fashion mauve;B0A6A6
Fashion yellow;E0CC49
Fawn brown;67492F
Feather green;A9CEB8
Feather soft blue;A3A9BC
Feldspar grey;B5AA87
Feldspar silver;A1ABA9
Felt green;546156
Fence green;1D3532
Fern green;5D703E
Fibrous green;ABC251
Field green;5A825F
Fig fruit mauve;A1848E
Fig mustard yellow;AD8E23
Filigree green;A3AE8C
Fine alabaster;E3CFC5
Fine blue;B9DBDE
Fine greige;B0AA97
Fine purple;5E4F88
Fir blue;567C7B
Fir green;2A372C
Fir spruce green;6D786B
Fire yellow;F1C12B
Firm green;4D6550
Firm pink;D18DBB
Firmanent blue;213542
Fischer blue;5C98B1
Fitness blue;78B0D2
Fjord blue;2B637E
Fjord green;254F48
Flag green;6B841A
Flame red;962A27
Flame red;B14B59
Flamingo pink;CF97A2
Flamingo red;E08D85
Flannel grey;928F87
Flax beige;CEC5B2
Flax fibre grey;B1AB99
Flintstone blue;444253
Flirty pink;9B82AD
Florentine brown;6E5644
Florida grey;B6A3A0
Florida turquoise;7FB3B2
Fluorite blue;B6CAC2
Fog green;BDC6C0
Fog white;EDEDE1
Foggy blue;9CAABA
Foggy grey;C6C6C5
Forest floor khaki;75756D
Forest fruit red;682455
Forest green;635D3F
Forest greenery;47635D
Forget-me-not blue;507A94
Fox red;BB5237
Foxflower viola;A3A6C2
French blue;344663
Frenzied red;784A5B
Fresco blue;4D7B8E
Fresh blue;9ECFE2
Fresh green;729E65
Fresh ivy green;2E675F
Fresh soft blue;80B5BB
Fresh yellow;F0E696
Frog green;296846
Frost blue;6D94A5
Frost grey blue;BCC6C9
Frosty green;DCE7E3
Frosty soft blue;B9DCDB
Frosty white blue;D1E8E4
Fruit red;E78D6F
Fruit yellow;DEC76B
Fuchsia red;98304F
Fuchsite green;617D71
Full moon grey;CEE4E7
Full yellow;EAC557
Funchal yellow;A98E50
Functional blue;4B5B84
Galenite blue;3D4B53
Gallery grey;5B5D64
Garden lettuce green;807A37
Gardener green;5B6434
Garish blue;4099B2
Garish green;71BD91
Garlic beige;AEAAA1
Garnet black green;3B4B44
Garnet stone blue;3F4565
Gemstone blue;12486D
Gemstone green;4F643B
Genever green;416747
Gentian blue;0E457A
Gentian violet;A283A0
Gentle blue;7C8FA7
Gentle mauve;92899C
Geranium red;A15A6A
Gerbera red;DC6621
Giant cactus green;827846
Ginger grey yellow;AFA897
Ginkgo green;A4AAA3
Gio Ponti green;B4CDAD
Glacial green;7FB4A9
Glacial water green;CDE9D5
Glacier blue;367E92
Gladiola blue;6967B1
Gladiola violet;6A4F74
Glass green;468176
Glass violet;B49CC7
Globe thistle grey rose;948B8B
Gloomy blue;403E68
Gobelin mauve;5D5869
Gold orange;C87A1E
Gold varnish brown;A66136
Golden beige;C2A877
Golden beryl yellow;CAAB1F
Golden brown;936B4F
Golden oat coloured;E1C392
Golden quartz ochre;A08E5B
Golden rain yellow;F8BF5D
Golden thistle yellow;BFA976
Golden yellow;D2A40E
Goldenrod yellow;F3D28D
Golf green;3A865D
Goose pond green;719796
Gooseberry green;9A953D
Gooseberry yellow;BDAD55
Gorse yellow orange;D9A344
Grain brown;AA894C
Grain white;EBE2D7
Granite black;33343A
Granite blue;6F728C
Granite brown;3A3028
Granite grey;394345
Grape blue;32446B
Grape green;99924E
Grape oil green;CFD5CB
Grape purple;583264
Grapefruit yellow;CFAA2C
Graphite black green;39494D
Graphite black;25282A
Graphite grey green;797667
Graphite grey;45494E
Grass green;4E6E39
Grasshopper green;789A5E
Gravel grey blue;677881
Greek blue;5394BE
Green beige;C5BB8A
Green blue;294763
Green brown;816D44
Green grey;5B6058
Green woodpecker olive;797957
Greenish grey;A2ABA6
Greenish yellow;D3C85E
Greenland blue;4F7899
Greige violet;978998
Grey aluminium;828280
Grey beige;9C917B
Grey blue;2F3A44
Grey brown;3B3736
Grey carmine;725062
Grey green;8D907F
Grey olive;3C3D32
Grey violet;767279
Grey white;D4D5CD
Grey-headed woodpecker green;93926F
Greyish brown;645B5B
Greyish yellow;817656
Grog yellow;897547
Guava green;969329
Guinean green;55824B
Hair blonde;EFD29E
Halite blue;1E314B
Hawk grey;74737B
Hay yellow;B9AB74
Hazy blue;BCC5CB
Hazy mauve;C6C3CC
Heather red grey;948C92
Heather rose;AE7C94
Heather violet;A88195
Heather violet;B65A88
Heavenly pink;E3C9DF
Hedge green;67823F
Hedgehog cactus yellow green;BBAD65
Heliotropic mauve;907FB8
Henna red;8F412A
Hermosa pink;7F494C
Heron blue;312D3C
Hibiscus red;963838
High forest green;616130
Himalaya blue;B4C8DE
Himalaya white blue;BBD6E7
Hippie green;AEAD77
Holbein blue grey;5E7A85
Holiday blue;6AB2D1
Holland red;BC4444
Hollyhock blossom pink;B473A0
Hollyhock pink;BB9DB2
Honey yellow green;887725
Honey yellow;BC9611
Honeycomb yellow;CEA456
Horizon blue;A6DDD6
Hornblende green;334D50
Horseradish yellow;F8E3AB
Hot pepper green;5F8146
Huckleberry brown;695A3E
Hunter green;5F9D7A
Hurricane green blue;344C56
Hyacinth blue;3A52A0
Hyacinth mauve;706B9A
Hyacinth white soft blue;C1C2D5
Hydrogen blue;3B436B
Hygiene green;79B6B6
Ice blue grey;717485
Ice boutique turquoise;AACACA
Ice crystal blue;B0DEDE
Ice dark turquoise;014F5A
Ice grey;CBD4DB
Ice gull grey blue;9DAEB9
Ice hot pink;DCBABF
Ice mauve;C7BDDB
Ice orchid red;A4868B
Ice pink;EDE0E1
Ice shard soft blue;C1D7DF
Ice water green;D2EAE2
Ice white;DBE1E8
Ice-cold green;D9ECB1
Iceland green;35885C
Idyllic pink;BF9AB4
Iguana green;10676A
Immortelle yellow;C6A931
India blue;128191
Indian green;8E9665
Indian ink blue;2A75AD
Indian pink;A25974
Indian yellow;E79539
Indigo black;192C52
Indigo blue;206374
Indigo carmine;25343B
Indigo navy blue;525984
Indigo red;675776
Indigo violet;2B2B51
Industrial black;35322F
Industrial blue;27828E
Industrial rose;D19986
Industrial turquoise;2B8377
Ink black;252626
Ink blue;176189
Ink green;366A3F
Innocent pink;806E77
Intense green;21362E
Intense mauve;652A5F
Intense purple;5E355A
Intense yellow;D1A43F
Ireland green;2D6B3B
Iris blue;504F97
Iron grey;535A5E
Ivory;D4C79C
Jade green;90AFAD
Jade light green;C0C8B7
Jade mussel green;36694C
Jade stone green;82BA8A
January blue;4696BA
Japanese coral;B87886
Japanese white;ECE6D9
Jasmine green;AFD492
Jasper green;58605B
Jet black;131516
Jewellery white;CBD0E1
Jubilee grey;797277
Juice green;BDD651
Juice violet;41263A
Jungle green;135049
Juniper berry blue;49606E
Juniper green;5E7E6C
Kali blue;104B5D
Kandinsky turquoise;4C7E85
Kelp green;3C4A30
Khaki green;645E3E
Khaki grey;6C6040
Kingfisher blue;1F5B90
Kingfisher grey;81939D
Kingfisher turquoise;88B3B5
Kir royale rose;A85773
Kirchner green;596828
Kitchen blue;92B0BB
Kiwi ice cream green;E2E9AB
Kiwi sorbet green;DCE8C1
Klimt green;5D9E87
Kohlrabi green;D0D8AF
Korean mint;627D66
Kremlin red;5D3A3B
LED blue;1458A2
LED green;CFD24B
Labradorite green;5E7A80
Lacquer green;253532
Lacquer mauve;E8C9DC
Ladys cushions pink;C098AC
Lagoon blue;3B7AA1
Lake green;CDD9B3
Lapis lazuli blue;3C5793
Lapwing grey green;777564
Larimar green;9FD1BE
Larkspur violet;9084AA
Laundry blue;A2AAB1
Laundry white;F3F4EF
Laurel green;9D904E
Laurel grey;A8ABA1
Laurel nut rusty brown;514340
Laurel nut rusty brown;544244
Lava black;363239
Lavender blossom grey;8B899E
Lavender blue;808CB1
Lavender leaf green;8B9081
Lavender mauve;6C7095
Lavender violet;ACA0C6
Lazurite blue;2D4960
Leaf green;374A3F
Leaf green;3B5B2F
Leaf yellow;E0D89F
Leather red;68323F
Leek blossom pink;B69FB5
Leek white;CAD8C8
Leisure green;538166
Lemon balm green;195235
Lemon cream;F5E698
Lemon ice cream yellow;EEE7A9
Lemon sorbet yellow;D5C892
Lemon yellow;CFB539
Lettuce green;959351
Lichen green;A1914E
Liebermann green;96B39B
Light Capri green;9BD1C5
Light amber orange;D79A73
Light apricot;EDD8D6
Light ash brown;B9A787
Light beige;CBC5B0
Light birch green;9DB771
Light blond;DFD3AB
Light blue grey;C0C5CE
Light blue;457FB3
Light blue;A6CAE0
Light caramel;9B8A82
Light chamois beige;CCC6BC
Light corn yellow;D7C6A2
Light corn;EEE3D0
Light cyan;B9C6D6
Light feather green;CED6C2
Light fern green;E3E6D0
Light flamingo pink;E0CBD9
Light ginger yellow;EBD58B
Light green;88B5B3
Light green;C9D3CC
Light grey;A9AAAA
Light grey;C2C6C3
Light ivory;DED3B6
Light khaki;948E7C
Light magnolia rose;D7D1D8
Light mahogany;948C7C
Light mauve;666EA4
Light oak brown;A3895E
Light olive;CDCB70
Light peach rose;F4E1D3
Light pearl soft blue;BFC4D7
Light pink;CC9EA4
Light pink;E0B6CB
Light pumpkin brown;B9A985
Light red;AE7B8E
Light rose;EADFE1
Light saffron orange;F4CDA1
Light teal;B4CAC4
Light tomato;C1756E
Light topaz ochre;A48B71
Light topaz soft blue;B8C8D6
Light turquoise;4D9E91
Light violet;C8C1C9
Lilac blue;858EA9
Lilac grey;9C898C
Lilac pink;BB97C4
Lilac purple;9E7CBA
Lilac scent soft blue;A1A5CC
Lilac violet;70467B
Lilac white;E7E7EF
Lily of the valley white;DFE2D7
Lily scent green;E1E8BD
Lime green;A0B749
Lime juice green;E1EB9D
Lime pink;AB8289
Lime sorbet green;C3CF85
Limestone green;A4AE9E
Limestone mauve;D4D2D9
Limestone slate;C2DCBB
Limonite brown;4A4738
Limousine grey blue;555F61
Linden green;B2B069
Linen blue;3A5D82
Linen grey;4D5F64
Lingonberry red;BF4355
Linoleum blue;54759B
Linoleum green;5AA178
Lion's mane blonde;887145
Lipstick pink;B27C88
Liqueur red;5B3A4A
Liquorice black;363035
Lizard brown;705A23
Lobby lilac;A17AAD
Loden green;556053
Loden purple;533671
Loden yellow;A89224
Loon turquoise;416275
Lotus pink;E3CCD3
Lotus red;C27078
Lounge violet;5A3168
Lovage green;9AAEA6
Lovely pink;D3BBD1
Luminescent green;75A133
Luminescent yellow;F6E988
Luminous bright orange;FFAD19
Luminous bright red;F71027
Luminous green ;20A339
Luminous orange;FF4612
Luminous pink;CE6980
Luminous red;EE1729
Luminous yellow;FFFF00
Lupine blue;768EB7
Lush green;3F6464
Lviv blue;3E3D6F
Macadamia beige;F1E1BB
Macore veneer red;653430
Madder magenta;79476B
Madder orange;E5BEAF
Madder red;922D66
Madder rose;A1557B
Madeira brown;7F4D2A
Madonna blue;84ADCF
Magenta red;893371
Magenta violet;694E84
Magic blue;33559A
Magnolia pink;E3B6B2
Magnolia white;D2BDC6
Mahogany brown;483026
Mahonia berry blue;67748C
Maize yellow;CF9804
Majolica mauve;9A878E
Make-up blue;44588B
Malachite blue turquoise;2B4E52
Malachite green;6BBE91
Mallard blue;314B51
Mallard green;37846B
Mallorca blue;5C7693
Mamba green;789E39
Mandarin orange;CA7357
Manganese black;282F4B
Mango brown;AC8C3C
Mango orange;E98F57
Mangosteen violet;392B34
Manzanilla olive;988F6D
Maple beige;EDD39E
Maple red;B0524E
Maple syrup brown;B88B55
Marble blue;888AA6
Marble green-grey;86908F
Marble green;98ADAC
Marble grey;B7B8B8
Marble red;9D5F6C
March green;CBD334
March tulip green;CECB80
March yellow;E5D68A
Maritime soft blue;7EB2BF
Marker blue;377D9A
Marker green;97B720
Marker pink;D59598
Marshy green;847636
Mary blue;06617A
Marzipan pink;E3B7BA
Marzipan white;E7E3D8
Matte blue;96A9CC
Matte carmine;95646E
Matte jade green;B6C9BE
Matte olive;94907F
Matte sage green;899283
Mauve brown;60595F
Mauve grey;ADA5AB
Mauve white;DEE0E9
May green;5C8144
Mayan blue;2A666E
Meadow blossom blue;89AAD2
Medici blue;2A4171
Mediterranean green;DEE8D4
Medium black;444545
Medium blue;8FA9CA
Medium brown;B18466
Medium grey;808081
Meissen blue;4373B7
Melanite black green;2D322D
Melon orange;DD974C
Melon red;DF9566
Melon yellow;F2A500
Memphis green;6B9B7F
Menthol green;A5D0B7
Metal blue;223444
Metal construction green;303324
Metal grey;697684
Metallic green;468362
Meteorite black blue;444756
Mexican purple;563C54
Micaceous green;C2D6C9
Micaceous light grey;CBC6BC
Midnight blue;3C455C
Mild green;7C9687
Mild orange;E7BF93
Milk blue;DCE0E5
Milk coffee brown;89705C
Milk star white;F1EBDF
Milkshake pink;E7C8CE
Milkwort red;8A677E
Mimosa yellow;D3CC4A
Mineral beige;D1C7A1
Mineral brown;4A4437
Mineral green;626050
Mineral red;7C4E57
Mineral umber;A5923B
Mineral white;DBE3D9
Mink brown;625C4D
Mint blossom rose;D2BFCB
Mint blue;BDDADC
Mint bonbon green;88B3AA
Mint cocktail green;B9E0B1
Mint cold green;7EB8A3
Mint green;226C45
Mint ice green;C3CCA2
Mint turquoise;568480
Mirabelle yellow;E5C56C
Mist pink;B3A3B3
Misty violet;868AAF
Mocha black;675A50
Mocha brown;67565D
Modern Style green;C1C7B3
Mohair mauve;B7A49C
Mohair pink;A08492
Mohair soft blue grey;9BAEB5
Moonlight green;D3E7D8
Moonlight yellow;D8C88E
Moonstone green;BEDAC7
Moor oak grey;655A4E
Moor pond green;476263
Mordant blue;3F6271
Morning blue;78949F
Morning dew white;C5D4D3
Morning glory pink;C495B4
Morning mist grey;AAA3B7
Mortar grey;9C9C9D
Mosaic green;689E6F
Moselle green;374F3C
Moss brown;6A6034
Moss green;234235
Moss grey;76776A
Mother-of-pearl green;9DD8A5
Mother-of-pearl pink;CDC2C5
Mother-of-pearl silver;CACFE3
Mountain blue;75B4C5
Mountain crystal silver;E0EBE6
Mountain flower mauve;6E6AA1
Mountain green;2D5034
Mountain lake azure;6EB8AA
Mountain lake blue;9BD0D5
Mountain lake green;84B79A
Mountain meadow green;4F8744
Mountain mint;304C3C
Mountain range blue;74B0C8
Mountain range green;2B3528
Mourning violet;474254
Mouse grey;696D6B
Mud green;4F6060
Mud pink;D5BEC0
Mud yellow;B0893B
Mulberry mauve black;473E5E
Mulled wine red;392C34
Murano soft blue;C5CEE9
Mushroom brown;877259
Mushroom white;ECE3CD
Mussel green;29362F
Mussel white;ECE1DC
Mustard brown;92704D
Mustard seed beige;BBA976
Mustard yellow;B6862A
Myrtle deep green;174F51
Myrtle green;123633
Nail polish pink;B14A7E
Naples yellow;D99D2C
Nashi pear beige;E3D4AF
Nato blue;2B333F
Natural green;BBCE96
Natural grey;C5C5BB
Natural indigo;143543
Natural rice beige;D4C69F
Natural silk grey;CDC3BF
Natural white;F2E8E1
Natural yellow;E3DA8D
Nature apricot;F0B8A3
Navy black;2B3236
Navy blue;205A9B
Navy dark blue;25476A
Nectar red;764C62
Neon green;B0D86C
Neptune blue;425499
Nettle green;3B4E36
New green;AFB046
New yellow;DCC956
Nickel ore green;5E7C7E
Night black;343239
Night blue;282C58
Night brown black;33312B
Night brown;3F2D21
Night green;32332D
Night grey;47454D
Night mauve;573E43
Night red;3B2A2B
Night turquoise;163838
Nightshade blue;2E3438
Nightshade violet;9D7EA7
Nile green;A6AB99
Noble blue;6C758F
Noble grey;72757E
Noble lilac;A9818F
Nomad grey;7B7370
Nordland blue;8390A9
Nordland light blue;9AA9C3
Nori seaweed green;454B2E
North Cape grey;7F9394
North grey;6C7676
Northern light grey;A6ABB3
November green;747666
Nut brown;533A29
Nut brown;685757
Nutria fur brown;4D4338
Oak brown;9A8E80
Obsidian brown;4C4137
Obsidian lava black;382C46
Obsidian red;372D3A
Ocean blue;113E4D
Ocean green;0E8376
Ocean sand;DDD1C9
Ochre brown;8F6833
Ochre green;6B5B2F
Ochre yellow;AD9451
October red;893E47
Off white;ECE4D9
Off-road green;153C2E
Office blue green;1B6769
Office grey;615D56
Official violet;383A7D
Oilcloth green;8CB892
Old green;849477
Old mahogany;827074
Old mauve;5E5476
Olive black;494435
Olive brown;694F2B
Olive drab;3B382E
Olive green;4F553E
Olive grey;7D7965
Olive yellow;999167
Olivine basalt;625866
Olivine grey;8E8D7D
Onion skin blue;524F8E
Onion white;DBD2BE
Onyx black;3B3C3D
Opal blue;254672
Opal green;0D5951
Opal turquoise;A2CFC4
Opal violet;8288B7
Opaline pink;BE9EA8
Opera blue;473B6B
Opera mauve;8884AD
Operetta mauve;3B2A4C
Opium mauve;6D5460
Opulent green;1F3429
Opulent mauve;452543
Opulent purple;63315E
Orange brown;965D33
Orange yellow;C37C4D
Orchid grey;5D566F
Orchid mauve;8363A4
Orchid purple;985A92
Orchid rose;E2CCD6
Orchid violet;CDBDD8
Orchid white;CECDE7
Order green;2D4E3A
Ore bluish black;27353D
Ore mountains green;3E6556
Oregano green;5FA251
Organza green;BBCABD
Organza violet;7C87C8
Orient blue;386080
Orient green;7C9881
Orient mosaic green;87B6A2
Orient pink;85425C
Orient red;973238
Orient yellow;E8C06D
Oriole yellow;E9D879
Ornamental turquoise;3B8081
Oxide red;643730
Oyster grey;928E7F
Oyster white;DFDBC7
Pacific blue;8EA8D4
Paella natural white;D9D3BF
Palace green;496158
Palace red;6A2942
Pale beige;C8C6B1
Pale blue;B0DCE0
Pale brown;6E5B4B
Pale green grey;938F7F
Pale green;899B79
Pale green;95906F
Pale lilac;C2BFDB
Pale mauve;B9A4A7
Pale mountain lake turquoise;BBDCD2
Pale olive;CFC7A4
Pale pink;E8C8D6
Pale pistachio;E2E7D2
Pale sienna;D2C3B6
Pale verdigris;779493
Pale violet;C4BED4
Pallasite blue;394A4F
Pallid blue;B7C9D4
Pallid green;BFDDC0
Pallid light green;C7DAB8
Pallid orange;E8B999
Palm heart cream;D7D5C0
Palm sugar yellow;E2D69C
Panda black;3F474A
Pandora grey;DCD0CB
Panorama blue;6BB5C9
Papaya yellow green;B6AC47
Papyrus white;C6CBC6
Parakeet green;51A075
Parchment white;F4E8E4
Paris blue;BBD5EA
Parisian green;719D50
Parisian violet;776C90
Parlour blue;4E5B7C
Parlour red;942A58
Parma grey;7D6B83
Parma mauve;5E527D
Parma plum red;593857
Parrot green;707A5A
Parsley green;67A05A
Partridge grey;8E8D96
Passepartout grey;AFA6A3
Passionfruit mauve;4F3F4A
Pastel blue;6C8DAA
Pastel green;B5D09E
Pastel green;B8CFAD
Pastel grey green;BCC9B9
Pastel mint green;B1CFB5
Pastel orange;E17C30
Pastel pink;E5B7BE
Pastel sand;CFC7B3
Pastel turquoise;86A9AD
Pastel violet;95838F
Pastel yellow;D9A156
Patina green;4A7363
Patina violet;665966
Pea aubergine green;7E976B
Pea green;D5CC80
Peach cream;EDDBD7
Peach red;ECC9BF
Peach yellow;C4A079
Peacock green;47663F
Peanut butter;BDA68A
Peapod green;8B9170
Pear yellow;ECC345
Pearl beige;898271
Pearl blackberry;67657A
Pearl blue;6D8EB7
Pearl copper;764537
Pearl dark grey;767779
Pearl gentian blue;3C6379
Pearl gold;746341
Pearl green;2E4F31
Pearl light grey;818382
Pearl mouse grey;7A7871
Pearl night blue;1B2B4D
Pearl opal green;27514A
Pearl orange;824128
Pearl pink;94352D
Pearl rose;D8CECF
Pearl ruby red;661925
Pearl violet;685C80
Pearl yellow;ECE4BE
Peat brown;54422D
Peat red brown;665855
Pebble grey;B1B1A1
Pebble soft blue white;CFD1D8
Peony mauve;9D80B2
Pepper green;4E6923
Pepper white;D6D2C7
Peppercorn red;503F45
Permanent green;0D5240
Persian blue;90AFB5
Persian green;569E85
Persian orange;BE5B1C
Persian pink;C36B99
Persian red;B14A72
Persian violet;8088BE
Pesto green;7D7657
Petrel blue grey;A1AABB
Petrol green;65988E
Pewter grey;545C74
Phloxflower violet;784C74
Piano grey rose;CBC2C6
Piano mauve;998793
Piermont stone red;40282E
Pigeon blue;667691
Pilot blue;2E6282
Pimento grain brown;665B3C
Pine green;3D5547
Pine green;4E615D
Pink lavender;AC9CCD
Pinkish brown;5D3B42
Pitch green;2D3634
Pitmaston pear yellow;C2AB3D
Plane brown;7F562B
Planet blue;5196B3
Plankton green;0F4F52
Plant green;747B4C
Plantain green;436458
Platinum grey;949292
Pleated mauve;8783BD
Plum blue;515E75
Plum green;655E3F
Poetry mauve;83648D
Pointed cabbage green;869489
Polar blue;B8D9E4
Polar soft blue;CBD4DB
Pomace red;806E75
Pompeii blue;144571
Pompeii red;BF4A30
Pond green;9A906E
Pool blue;2E5D8A
Pool green;9ACFCD
Poppy red;B7510E
Porcelain white;E7E9F1
Port wine red;806E7A
Portuguese blue;495691
Portuguese green;6B8024
Poster blue;2C407E
Poster green;1C665D
Poster yellow;DECA28
Powder red;8A3765
Powder rose;BFA0A5
Powder soft blue;BBC4D6
Powder viola white;D5CBE1
Powder viola;C9BFD1
Powerful mauve;4D3E5C
Powerful violet;392650
Practice green;719A80
Prehnite yellow;C0AE10
Prestige mauve;48263D
Primal blue;3074B4
Primal green;69A044
Primal red;9B274D
Primrose white;E9E4D0
Primrose yellow;EDE999
Prince blue;163D81
Prince grey;A1ABAB
Princess blue;5491C3
Profound mauve;40283E
Prominent blue;4B74A4
Provence violet;7F6D8E
Prussian blue;133246
Puff pastry yellow;EFD38A
Pumice grey;7C7275
Pumpkin green black;22372A
Pumpkin green;3C674E
Pumpkin yellow;D7A427
Pure beige;DDCDBF
Pure cyan;67BBAC
Pure green;3F8C3D
Pure light blue;0A5D94
Pure mauve;6C4C8A
Pure orange;CC5608
Pure red;B92726
Pure white;EFEEE5
Purple pink;C398BE
Purple red;651927
Purple violet;44263C
Purple white;CFBECD
Purpurite red;813D7A
Purpurite violet;54375B
Putty grey;B5A99A
Putty yellow;97907F
Pyjama blue;7093A9
Pyrite green;476265
Pyrite slate green;7F7756
Quantum green;7F928B
Quark white;E4EDE3
Quartz green;6C7C4C
Quartz grey;68675F
Quartz pink;B6A1A8
Quartz rose;D3BDBD
Quartz violet;B19EB9
RAL orange;DC5B00
Racing green;42443D
Radical green;406B37
Raffia greige;ADAA96
Raffia light grey;C7D5D3
Raffia white;EAEBE0
Rambling green;608056
Ranger green;2B532A
Ranuncula white;F0DAE5
Raspberry ice cream red;933851
Raspberry jelly red;935E83
Raspberry leaf green;264F41
Raspberry pink;DECCDC
Raspberry red;9E1B3C
Raw garnet viola;856A7C
Real turquoise;2A8758
Red brown;5C3128
Red grey;8E6969
Red lilac;7C5B80
Red orange;A74D23
Red violet;823A4B
Redcurrant;7F465B
Reed green;777659
Refreshing green;657975
Refrigerator green;BBDBCC
Relaxation green;ACD1A3
Reseda green;6A7C5B
Retina soft blue;B9C1DE
Retro pink;A88283
Rhodonite brown;4B4343
Rhubarb leaf green;B5A976
Rich blue;11314B
Rich green;458752
Rich grey turquoise;394A46
Rich olive;414844
Rich violet;545187
Ripe green;717D3A
Roasted black;625A5D
Romaine green;979803
Roof tile green;1C3337
Root brown;633729
Rose cream;EBDEDC
Rose grey;8F899C
Rose red;C07384
Rose white;E9DFE2
Rose;B9535B
Rosemary green;729A78
Rosemary white;DFE5DA
Rosewood apricot;C79D9F
Rosewood brown;663B20
Royal blue;14437B
Royal purple;674F7E
Ruby grey;6C525B
Ruby red;7C0D24
Ruby violet;57394D
Rust brown;705458
Rust coloured;986655
Rust magenta;8E6281
Rusty red;48202B
Rye brown;7B7666
Rye dough brown;7B7566
Saffron blossom mauve;9985A8
Saffron gold;DC9914
Saffron yellow;E4AF56
Sage blossom blue;5C70A6
Sage green grey;6A786C
Sage green;6E978F
Sage violet;443777
Sahara light red;ECE0D9
Sailor blue;2C5E87
Salmon cream;E0CACA
Salmon orange;C2674F
Salmon pink red;D3958D
Salmon pink;BE6954
Salmon rose;DECACE
Salsify white;D9D5C2
Salt pink;D3BDBA
Sand brown;ADAD87
Sand grey;AEAA99
Sand yellow;C7AE72
Sandalwood beige;E7D1AB
Sandalwood grey blue;0B4A63
Sandstone grey green;88908B
Sandstone grey;7E7466
Sandstone red grey;816F6F
Sapphire blue;203151
Sapphire light yellow;CAC6B4
Sapphire pink;836D82
Sapphire shimmer blue;626DAB
Saruk grey;7A7465
Satin soft blue;9FA8C4
Satin white;CCD0D8
Scandalous rose;D7BACD
Schiava blue;23275D
Screed grey;959088
Sea blue;8BACC7
Sea breeze green;C8D2E4
Sea buckthorn yellow brown;BC8318
Sea green;40655E
Sea haze grey;C8D4D1
Seafoam green;557C81
Seal grey;888E96
Sepia brown;453729
Sepia yellow;837847
Serbian green;466353
Serpentine green;A1B37F
Shadow white;D3D4D2
Shady blue;557B89
Shady green;615E50
Shady grey;869191
Shady pink;BC9EAC
Shearwater black;5B5A6B
Sheet blue;565F6E
Shirt blue;7192AD
Shrub green;14363B
Siberian green;516159
Sienna ochre;CB9F80
Sienna yellow;A58376
Siesta white;C7D4D6
Signal black;2F3133
Signal blue;134A85
Signal brown;704F40
Signal green;417E57
Signal grey;969799
Signal orange;BC602D
Signal pink;A6507E
Signal red;8F1E24
Signal violet;7C477D
Signal white;EBECEA
Signal yellow;E6B019
Silicate green;8FB0A9
Silicate light turquoise;C9D5D0
Siliceous red;553E49
Silk crepe mauve;706C92
Silk green;A1D4B5
Silk grey;B3B2A9
Silk lilac;9081B0
Silver fir blue;7892A1
Silver green;CCCA91
Silver grey;8B949B
Silver linden grey;849183
Silver maple green;70766F
Silver poplar white;DDE2D8
Silver rose;C89CA4
Silver thistle beige;DED3BF
Silver willow green;667B60
Sitter red;3B2534
Sky blue;3172AD
Sky green;A8D2C0
Slate black;2E2F2F
Slate green;819289
Slate grey;51535A
Slate mauve;615C63
Slate pink;A6576A
Slick green;5F5E4F
Smock blue;47616D
Smoke green;73756D
Smoked oak brown;52441F
Smoking night blue;44464D
Smoky blue;6F777C
Smoky grey green;908F87
Smoky mauve;9688A2
Smoky white;ACABA2
Smoothie green;8D9622
Snow crystal green;E2ECE7
Soap green;A0B191
Soap pink;DCBAC5
Soft blue lavender;8985B6
Soft blue white;DAE3E9
Soft fuschia;CB90B9
Soft green;CDCBA3
Soft greige;D0C3B4
Soft ice rose;DECAC5
Soft olive;5A6053
Soft orange;DDBEA6
Soft red;3E2934
Soft sienna;C59F91
Somali brown;675952
Soot red;4B4446
Sorbet ice mauve;A29ED1
Sorbet yellow;CFC735
Sour green;8BB97F
Source blue;D1E8E5
Source green;8CB4A4
Spanish green;6B7C5E
Sparrow grey red;4F4047
Spectral green;3C846A
Spelt grain brown;9B8F6C
Spicy red;8A433F
Spinach green;80987B
Spinel black;44425A
Spinel grey;665661
Spinel stone black;2C2C3C
Spinel violet;382A3E
Spitsbergen blue;6F747C
Sport green;4E9E83
Sport yellow;E4D97D
Sports blue;5D92B4
Sports field green;587E68
Spring green;D6E9C5
Spring grey;C2C5B3
Spring pink;D9BAC7
Spring water turquoise;87B0AF
Spring yellow;ECE888
Springtide green;C5CC93
Sprout green;CFDC7C
Spruce blue;607A88
Squirrel grey;7B858D
Stage gold;907031
Stage mauve;A97BA6
Stamp pad green;579D90
Star fruit yellow green;B5AC58
Star ruby;442435
Starflower blue;6692AF
Starry sky blue;54597C
Steel blue grey;4B5E74
Steel blue;222C3E
Steel grey;737575
Steel light blue;6992B4
Steppe green;797848
Stockade green;2A4D4D
Stone blue;125E8D
Stone brown;635E4E
Stone cypress green;647C6E
Stone green;5A5F59
Stone grey;8C8C83
Stone violet;4C424F
Storm green;667979
Storm grey;98AEB1
Storm red;9A8986
Stormy mauve;716F89
Stratos blue;5C8DC7
Straw yellow;E0C57D
Strawberry cream;D7CED4
Strawberry milkshake red;C66E82
Strawberry pink;BD9CBA
Strawberry red;B63C49
Structural blue;548ECF
Stump green;5D5F50
Subtle turquoise;7E9392
Succinct violet;51376A
Succulent green;6C9889
Suede indigo;595B6C
Suit blue;223045
Sulfur yellow;E8E253
Summer blue;4677A0
Summer green;B8D288
Summer soft blue;A3CFD1
Summer turquoise blue;6495AA
Summer turquoise;3E8276
Summer yellow;F4C208
Sun yellow;AFCCBB
Sun yellow;DB9A17
Sunflower yellow;D1A706
Sunrose yellow;F6E371
Sunset red;765258
Swallow blue;2C4662
Swedish blue;585D64
Swedish green;2C4D47
Sweet cherry red;7A0B2D
Sweet lavender;898B9E
Swimming pool green;ADCDC1
Table pear yellow;DBC87D
Tanzanite blue;2A4569
Tarpaulin grey;575B57
Tasman honey yellow;DCCA6B
Taupe grey;A5A6B0
Tea blossom pink;B0A7AA
Tea green;9EADA1
Teakwood brown;7F7469
Teal blue;A2CDCB
Teal dark blue;2B4A5D
Teal dark green;0E675E
Technical blue;60788B
Techno blue;0C608D
Techno pink;D192B0
Techno turquoise;78BB94
Telegrey 1;8C9094
Telegrey 2;7C8287
Telegrey 4;C5C5C5
Telemagenta;AC3B71
Temperamental green;458938
Tempered grey;A1ABAF
Tender turquoise;97D6C8
Tennis blue;89AEC5
Terra brown;4C3E30
Terra orange;BC7961
Terracotta red brown;8C6A64
Theatre blue;324077
Theatre gold;98712B
Theatre powder rose;DCD1D2
Thimble red;975886
Thistle green;2E4B41
Thistle mauve;7C4978
Thistleblossom soft blue;92AFBE
Thulite rose;D5C2B9
Thunderstorm blue;214B64
Thyme green;404C42
Tierra del Fuego sea green;C1D8D1
Tiger yellow;F5E485
Tile blue;7F9199
Tile green;7D928E
Tin pink;9B8888
Titanite yellow;A2942C
Titanium blue;62758C
Titian red;AA5A2A
Tobacco brown;613C26
Tomato red;8A2F28
Tool blue;677683
Tool green;767E23
Topaz blue;648EBE
Topaz green;C3D9CF
Topaz yellow;D89D5F
Touch of green;DAE7D4
Touch of white green;E9ECE0
Tourmaline blue;547F6E
Tourmaline green;92B651
Tourmaline mauve;B5A2A2
Tourmaline turquoise;679998
Tourmaline water blue;A5CDDE
Toy blue;277DA0
Toy mauve;77679D
Tractor green;396957
Traffic black;262625
Traffic blue;0F518A
Traffic green;3A8258
Traffic grey A;8C9190
Traffic grey B;4F5352
Traffic light green;85A11F
Traffic orange;C9560D
Traffic purple;852E6F
Traffic red;AB1519
Traffic white;EFF0EB
Traffic yellow;E6BE05
Translucent white;E1DFE8
Transparent blue;CBD6D9
Transparent green;DAE5E1
Transparent mauve;B1A1BC
Transparent white;C8D8C9
Transporter green;274D56
Trapper green;175141
Tree bark brown;625D4F
Tree bark green;394B4D
Trekking blue;525E6C
Tricot lilac white;D8CDE0
Troll green;275038
Tropical night blue;2F2F4C
Tropical wood brown;573F2D
Trouser blue;32626E
True lavender;8280C3
Tulip poplar purple;521C39
Tulip red;AB5168
Tulip soft blue;C2C0D4
Tulip violet;776996
Tulip white;EEE7D1
Tulipan violet;90648E
Tulle grey;8B8D96
Tulle soft blue;D9E4E5
Tulle violet;A6A8BA
Tulle white;F3EAE2
Turkish blue;4074AC
Turmeric brown;B28925
Turmeric red;B98044
Turquoise blue;47848D
Turquoise green;256753
Turquoise grey;B7CBCE
Turquoise white;D1E7DC
Tyrolite blue-green;3C9B9D
Ultra green;85BD5D
Ultramarine blue;193278
Ultramarine violet;252855
Umbra grey;4C4C47
Umbra sand;80716A
Uniform green grey;65787D
Uniform green;4A4B2A
Universal green;1D6A43
Urban green;1A4F48
Vandyck brown;72554A
Vangogh green;93B676
Vanilla bean brown;353122
Vanilla cream;F0E0CF
Vanilla white;F2EEE2
Vegan green;176950
Vehicle body grey;4A453F
Veltliner white;D2D5C1
Velvet beige;CBC6B1
Velvet blue;A9C3E4
Velvet green grey;717767
Velvet grey;A9A7B1
Velvet mauve;632954
Velvet red;854452
Venetian pink;B57996
Venetian pink;D3BEC4
Venetian red;9A6163
Verdigris coloured;77BD80
Vermeer blue;4C72AC
Vermilion green;464536
Vermilion red;A65C55
Vermilion;AC3721
Vespa yellow;E8D39D
Vesuvian green;879866
Vesuvian violet;9D869D
Vibrant green;649A87
Vibrant red;B54867
Vibrant soft blue;9BCFDC
Victoria green;2F6854
Viennese blue;556EAB
Vine leaf green;696033
Vintage blue;83AFCC
Vintage white;F1EEE2
Viola black;312C42
Viola grey;876393
Viola ice grey;C4C5CE
Violet black;49444B
Violet blue;35496B
Violet blue;4C4E9E
Violet grey;767082
Violet haze;655971
Violet purple;734382
Violet red;936091
Violet rose;82659E
Violet scent soft blue;BBBFDC
Violet white;E0E0E7
Viridine green;C4DEAC
Visiona red;7C4278
Vital green;438661
Volcanic stone green;44443D
Wall green;A8AD89
Wallflower white;E6E1E7
Walnut shell brown;9D8E6E
Warm apricot;F0C170
Warm grey;958C89
Wasabi green;A6AD7A
Washing powder soft blue;C4D1E2
Washing powder white;C1D4E0
Water blue;216D76
Water green;8BB69C
Water lily white;DFD5C0
Watercolour blue;2A4C59
Watercolour green;98B484
Watercolour white;DAE3DB
Wax crayon blue;489CA8
Wax green;CEDA8B
Wax yellow;F1E5AB
Weak green;9BAEA3
Wedding pink;F0DDD6
Well blue;37828C
Wenge black;3C2D2F
Wheat flour white;D8D2C6
Whirlpool green;ADCEC5
White aluminium;9A9D9D
White blue;CAD0D8
White-red;EDE3E5
Wild brown;442B21
Wilhelminian pink;A47EA1
Williams pear yellow;D6CA71
Willow green;C2C7BF
Willow-flower yellow;E5D39A
Wind blue;B5C4DE
Window grey;969CA1
Wine gummy red;5F354B
Wine red;561E27
Winter cloud grey;6F787B
Winter pear beige;BCAA65
Winter white;E0E1DF
Winterpea green;8B9654
Wintertime mauve;7866A4
Wisteria light soft blue;A6A2C2
Woad indigo;779599
Wonder violet;9B80A2
Wood green;9E905E
Woodruff green;859F2F
Wool turquoise;0C4E56
Wool violet;5F5084
Wool white;F3EBE2
Work blue;1E4867
Workshop blue;35607B
Wormwood green;9EAC9E
Yellow beige;D9C58E
Yellow brown;B6AA86
Yellow gold;AF8D08
Yellow green;689A45
Yellow grey;8C8870
Yellow olive;454339
Yellow orange;C7750F
Zinc grey;615D56
Zinc yellow;EBD346
Zinfandel red;553B44
Zircon blue;437C9D
Zircon grey;7C7372